2023 01 01 05 33 28.00  0.06  41.7933  0.0009   20.6793  0.0017   8.8    0.1   2.7   44  141
2023 01 01 08 35 00.88  0.17  39.6051  0.0043   18.3967  0.0044  21.0    0.5   3.0   40  177
2023 01 01 11 29 30.11  0.41  41.4742  0.0044   20.1665  0.0107   1.9    0.8   3.4   51  124
2023 01 01 13 07 46.73  0.06  42.0083  0.0056   12.7345  0.0085  11.2    0.4   3.6   25  285
2023 01 01 20 16 08.00  0.12  42.5331  0.0024   19.0316  0.0042  21.9    0.7   1.4   18   74
2023 01 02 05 28 08.46  0.64  36.5974  0.0217   21.6338  0.0571  26.3    5.6   4.4   52  257
2023 01 02 07 20 26.22  0.99  37.6000  0.9999  -37.5000  0.9999  33.0    9.9   6.2   20  359
2023 01 02 08 12 28.65  0.36  35.5877  0.0063   25.7980  0.0064  12.0    1.0   4.2  158   57
2023 01 02 11 54 17.96  0.57  36.6427  0.0210   21.5249  0.0271  12.0    2.3   3.9   52  254
2023 01 03 07 39 06.62  0.46  42.4832  0.0077   19.0941  0.0103  27.3    1.8   1.7   28   52
2023 01 03 11 23 42.70  0.93  40.0834  0.0104   20.5457  0.0157  12.0    1.9   3.1  105   42
2023 01 03 15 54 39.46  0.09  41.4572  0.0021   14.1271  0.0075  12.0    0.7   3.6   34  191
2023 01 03 20 49 06.20  0.49  36.5106  0.0166   21.8258  0.0462  13.8    4.3   4.3   50  261
2023 01 03 21 42 35.14  0.38  36.5235  0.0145   21.7784  0.0163  12.0    1.6   4.1   38  260
2023 01 04 00 27 44.72  0.06  42.2269  0.0012   19.5052  0.0016  22.7    0.4   2.1   24   94
2023 01 04 02 08 32.29  0.99  51.6000  0.9999  -28.3000  0.9999  33.0    9.9   0.0   16  358
2023 01 05 05 12 29.55  0.14  45.9278  0.0080   18.7775  0.0163  12.0    1.6   3.4   37  275
2023 01 05 15 13 51.88  0.22  43.1084  0.0061   17.8685  0.0113  12.0    0.8   2.4   26  271
2023 01 05 22 15 02.41  0.27  41.9819  0.0056   20.2688  0.0097  15.8    0.8   2.5   36  174
2023 01 06 00 40 35.42  0.23  41.8115  0.0048   20.0973  0.0051  12.0    0.6   2.3   32  168
2023 01 06 15 51 03.15  0.32  42.0525  0.0058   21.5834  0.0101   5.7    0.7   2.7   44  200
2023 01 07 01 53 50.61  0.99  41.4000  0.9999   22.2000  0.9999  33.0    9.9   0.0   34  339
2023 01 07 06 40 16.46  0.99  41.2000  0.9999   22.6000  0.9999  33.0    9.9   0.0   32  342
2023 01 07 08 32 10.68  0.23  43.0138  0.0072   17.9880  0.0129   0.0   11.1   1.4   18  288
2023 01 07 21 14 21.02  0.21  42.3803  0.0026   19.5683  0.0039   0.0   11.1   1.8   30   66
2023 01 08 12 32 12.07  0.99 -14.8000  0.9999 -170.5000  0.9999  33.0    9.9   0.0   18  360
2023 01 09 02 50 39.18  0.95  40.3809  0.0086   19.4475  0.0086  23.4    1.8   3.7  190   69
2023 01 10 07 38 29.97  0.57  39.3483  0.0043   26.2162  0.0043  14.0    0.7   4.6  254   20
2023 01 10 15 50 54.40  0.10  41.4444  0.0020   19.6390  0.0037  13.2    0.4   2.6   34  150
2023 01 10 23 14 32.96  0.14  41.1618  0.0046   20.0206  0.0087  12.0    0.6   2.4   34  186
2023 01 11 01 07 38.37  0.10  43.0410  0.0013   18.1580  0.0028  10.0    0.3   2.9   40  181
2023 01 11 11 13 13.79  0.05  42.5706  0.0013   18.5933  0.0020   9.4    0.8   1.9   14   99
2023 01 12 02 49 13.58  0.52  41.4704  0.0212   19.9032  0.0300   0.0   11.1   2.5   26  311
2023 01 12 07 28 13.19  0.23  42.9872  0.0042   17.9341  0.0074   8.8    0.6   3.4   38  201
2023 01 12 07 28 13.26  0.20  42.9833  0.0038   17.9376  0.0066   9.4    0.5   3.5   38  201
2023 01 12 08 49 39.91  0.28  42.9808  0.0055   17.9052  0.0095  12.0    0.8   2.6   32  203
2023 01 12 22 03 09.54  0.61  41.5487  0.0068   22.3738  0.0089   8.7    1.2   2.7   88   25
2023 01 13 20 20 16.83  0.22  41.4297  0.0060   20.0415  0.0061   0.2   11.1   3.1   36  197
2023 01 13 20 20 17.48  0.29  41.4244  0.0069   19.9281  0.0125  12.0    1.0   3.0   44  102
2023 01 13 20 52 03.28  0.14  41.4280  0.0048   20.0269  0.0050   1.2    0.5   2.6   32  262
2023 01 13 20 52 02.60  0.29  41.4163  0.0115   20.0409  0.0157   5.5    0.9   2.7   30  315
2023 01 13 21 45 48.89  0.35  41.4922  0.0121   20.0066  0.0186   1.7    1.2   2.5   28  312
2023 01 13 22 00 43.26  0.47  41.4813  0.0067   20.0304  0.0146   9.5    1.0   2.4   41   80
2023 01 13 03 31 34.10  0.55  34.4944  0.0066   25.2400  0.0111  96.8    3.0   4.2  188  149
2023 01 13 03 38 38.39  0.18  43.4632  0.0042   17.3436  0.0108  11.2    0.6   2.3   32  215
2023 01 13 06 20 01.88  0.10  42.2918  0.0054   19.5105  0.0058  19.6    1.3   1.5   13  221
2023 01 13 11 13 21.75  0.22  42.0231  0.0041   19.8860  0.0051  10.4    1.3   2.0   28  134
2023 01 14 01 33 59.42  0.26  41.4806  0.0090   20.0369  0.0112   5.5    0.8   2.8   30  313
2023 01 14 01 33 59.81  0.24  41.5086  0.0083   20.0421  0.0116   6.6    0.6   2.8   30  311
2023 01 14 04 08 36.75  0.30  41.4894  0.0051   20.0471  0.0076   5.2    0.7   3.7   49   85
2023 01 14 04 08 36.70  0.46  41.4805  0.0041   20.0206  0.0063   8.0    0.7   3.7  147   35
2023 01 14 06 57 13.68  0.43  41.5302  0.0166   20.2864  0.0211   4.4    1.3   2.5   26  312
2023 01 14 11 15 58.14  0.15  42.7050  0.0022   19.1293  0.0034   5.7    2.8   1.9   26   62
2023 01 14 11 38 28.95  0.18  42.5330  0.0044   18.9391  0.0050  11.0    0.9   1.3   17   68
2023 01 14 12 07 46.30  0.53  41.5397  0.0114   19.8793  0.0171  12.0    1.2   3.0   32  211
2023 01 14 13 39 33.41  0.35  41.4747  0.0139   20.0810  0.0202   8.8    0.9   2.4   26  313
2023 01 14 14 33 42.78  0.50  41.4618  0.0180   20.1478  0.0229   6.0    1.3   2.7   28  314
2023 01 14 15 08 59.09  0.90  41.4664  0.0102   19.9735  0.0202   5.9    1.8   2.6   62   66
2023 01 15 03 35 52.10  0.99  32.9000  0.9999   39.2000  0.9999  33.0    9.9   0.0   20  357
2023 01 15 08 38 52.16  0.27  42.0738  0.0070   19.2122  0.0153  14.9    1.7   1.9   26  138
2023 01 15 21 37 20.88  0.60  41.4428  0.0036   19.9853  0.0068   7.9    1.1   4.8  223   20
2023 01 15 21 45 41.14  0.20  41.4871  0.0020   20.0072  0.0049   5.0    0.7   4.2   48   87
2023 01 15 22 32 33.76  0.17  41.5016  0.0044   19.9979  0.0099   6.7    0.9   2.5   37  164
2023 01 15 22 29 51.23  0.99  -2.9000  0.9999   94.0000  0.9999  33.0    9.9   6.2   25  359
2023 01 15 22 44 13.29  0.33  41.5184  0.0035   20.0627  0.0093   0.1   11.1   3.0   41  104
2023 01 15 22 50 26.64  0.28  41.7345  0.0061   20.4556  0.0100   8.6    0.7   2.7   31  188
2023 01 16 00 08 42.17  0.10  41.6039  0.0049   19.8738  0.0050  15.6    0.3   2.2   20  304
2023 01 16 04 03 31.91  0.33  41.3912  0.0274   19.9952  0.0311   9.5    1.4   2.8   16  329
2023 01 16 04 49 39.36  0.99  36.2000  0.9999  140.9000  0.9999  33.0    9.9   0.0   11  359
2023 01 16 07 01 09.02  0.21  41.5227  0.0031   19.9960  0.0067   5.7    0.6   3.0   34  129
2023 01 16 09 08 21.38  0.11  41.5124  0.0013   20.0209  0.0031   0.0   11.1   3.2   38  128
2023 01 16 09 39 23.19  0.16  41.5310  0.0014   20.0322  0.0036   7.5    0.3   3.8   48   85
2023 01 16 10 54 44.99  0.11  41.5049  0.0014   20.0053  0.0027   4.1    0.5   3.5   44  109
2023 01 16 13 26 38.86  0.40  41.4560  0.0133   19.9507  0.0181   0.0   11.1   3.0   24  255
2023 01 16 15 35 12.92  0.09  41.4743  0.0013   20.0270  0.0035   8.4    0.3   2.9   34  130
2023 01 16 15 45 06.07  0.09  41.4945  0.0012   19.9176  0.0032   6.1    0.4   2.9   28  171
2023 01 16 18 23 23.49  0.08  41.4905  0.0009   20.0692  0.0024   5.9    0.2   3.9   46   93
2023 01 16 19 04 33.98  0.40  41.4013  0.0175   20.0285  0.0199   3.9    2.7   2.7   16  267
2023 01 16 19 05 59.08  0.13  41.4702  0.0026   20.0430  0.0051   9.3    0.5   2.8   26  164
2023 01 16 20 56 35.32  0.36  41.5177  0.0057   20.1081  0.0138   7.8    1.0   2.7   34  125
2023 01 16 22 40 06.38  0.10  42.0689  0.0022   19.2868  0.0039  12.0    0.5   2.2   30  107
2023 01 17 01 06 24.83  0.11  41.4941  0.0013   20.0685  0.0035   6.2    0.4   3.3   44  105
2023 01 17 09 35 17.54  0.43  41.5495  0.0067   19.5957  0.0145  12.0    1.2   2.6   38  148
2023 01 17 11 45 58.37  0.22  41.5337  0.0031   20.0488  0.0076   6.2    0.6   2.6   34  125
2023 01 17 15 25 00.77  0.21  41.6090  0.0037   20.4071  0.0095   1.9    1.0   2.9   32  146
2023 01 18 04 21 57.81  0.73  34.7547  0.0194   14.3800  0.0343  41.0   11.1   5.0   93  230
2023 01 18 05 38 38.57  0.29  41.5537  0.0106   19.8269  0.0166   4.7    1.0   3.0   24  307
2023 01 18 13 01 38.21  0.14  41.9882  0.0048   19.8563  0.0049  12.0    1.2   2.3   27  143
2023 01 18 14 13 05.47  0.72  34.7824  0.0194   14.4249  0.0341  40.3   11.1   4.7   79  228
2023 01 18 15 54 46.69  0.24  35.0028  0.0448   14.4208  0.0498  14.9    5.5   4.7   56  302
2023 01 18 17 00 11.68  0.79  34.9139  0.0675   14.4181  0.1061   0.0   11.1   4.6   62  223
2023 01 18 18 22 49.87  0.34  38.3375  0.0033   21.7483  0.0037   9.7    0.5   4.1  121   45
2023 01 18 22 29 10.66  0.16  41.4891  0.0017   20.0320  0.0042   6.3    0.3   3.2   48  108
2023 01 19 02 22 27.88  0.54  39.4836  0.0036   25.8461  0.0040  20.2    0.7   4.5  308   10
2023 01 20 00 31 09.18  0.18  40.2032  0.0047   19.7332  0.0148   0.9    1.3   3.2   37  190
2023 01 21 18 52 37.68  1.08  43.9371  0.0089   13.3705  0.0117  12.0    1.7   3.6  208   47
2023 01 23 10 37 53.39  0.39  35.0840  0.0369   14.3430  0.0394  10.4    4.5   5.1   55  284
2023 01 23 22 28 16.06  0.13  43.1902  0.0022   19.3299  0.0034   8.9    1.4   1.7   22  111
2023 01 24 08 59 25.16  0.99  27.3000  0.9999   70.0000  0.9999  33.0    9.9   0.0   18  359
2023 01 24 11 40 39.01  0.22  41.7616  0.0058   19.6800  0.0077  12.0    0.8   2.3   24  273
2023 01 24 15 55 23.50  0.10  43.0622  0.0031   17.3713  0.0042   9.5    0.3   2.7   36  227
2023 01 24 18 36 55.69  0.99 -14.4000  0.9999  -56.4000  0.9999  33.0    9.9   0.0   22  359
2023 01 24 20 25 35.52  0.87  34.8409  0.0161   14.3450  0.0239  40.3   11.1   5.0   93  197
2023 01 25 01 12 54.25  0.66  34.9659  0.0420   14.5469  0.0650  27.5    7.2   4.0   89  248
2023 01 25 05 14 43.30  0.06  41.9811  0.0011   20.2770  0.0024  10.5    0.5   1.9   26  176
2023 01 25 12 37 07.47  0.58  35.8614  0.0047   28.5599  0.0077  48.7    6.1   6.0  348  121
2023 01 26 07 15 23.45  0.14  43.1003  0.0022   19.7392  0.0035   5.9    2.6   2.2   28  172
2023 01 26 17 23 21.49  0.47  39.6944  0.0075   22.2462  0.0142  17.4    1.5   3.7   50  145
2023 01 27 17 43 06.47  0.04  42.6807  0.0011   19.1300  0.0013   9.1    0.5   1.5   14  116
2023 01 28 05 32 49.87  1.27  44.3580  0.0267   12.4790  0.0615  11.7    3.8   4.3   35  181
2023 01 28 10 29 44.24  0.23  44.5933  0.0123   12.5196  0.0154   0.0   11.1   3.9   30  194
2023 01 28 18 14 50.67  0.99  38.8000  0.9999   44.5000  0.9999  33.0    9.9   7.5   24  357
2023 01 29 05 09 10.30  0.33  37.6680  0.0088   20.7986  0.0101  12.0    0.9   4.0   56  183
2023 01 29 18 18 58.80  0.34  44.2431  0.0071   17.6378  0.0087  12.0    1.4   2.7   62  138
2023 01 29 23 49 27.72  0.99  39.2000  0.9999   83.3000  0.9999  33.0    9.9   7.5   31  359
2023 01 30 19 55 27.74  0.29  35.0784  0.0269   14.4497  0.0281  27.1    3.3   4.9   62  283
2023 01 31 00 43 15.57  0.25  35.1075  0.0391   14.2694  0.0453  16.4    4.8   4.7   58  302
2023 01 31 08 49 33.60  0.08  41.7056  0.0022   19.4601  0.0027   7.5    1.7   2.3   28  230
2023 02 01 04 00 33.31  0.12  41.7540  0.0036   19.4643  0.0049  16.7    0.6   2.0   20  266
2023 02 01 10 53 20.81  0.98  40.1301  0.0065   22.7721  0.0102  18.9    1.4   3.9  184   21
2023 02 01 10 45 52.22  0.99  22.3000  0.9999  119.8000  0.9999  33.0    9.9   0.0    9  359
2023 02 02 03 01 53.22  0.29  41.2038  0.0040   20.0482  0.0137  14.9    0.6   2.7   38  136
2023 02 02 04 17 58.72  0.41  41.1655  0.0055   20.0337  0.0141  10.0    0.9   2.5   40  133
2023 02 02 22 17 54.95  0.19  41.6844  0.0058   19.4560  0.0074  13.4    1.0   2.0   28  275
2023 02 23 00 18 49.27  0.97  45.0729  0.0067   23.0851  0.0102  25.0    1.8   3.5  194   12
2023 02 03 01 00 30.68  0.05  42.3315  0.0013   18.9103  0.0028   7.3    0.3   1.2   16   89
2023 02 03 03 30 28.29  0.07  42.3253  0.0023   18.8975  0.0037   9.1    0.4   1.6   18  106
2023 02 03 06 41 48.48  0.38  42.3174  0.0058   18.9103  0.0073  10.0    0.8   1.6   30   77
2023 02 03 12 44 12.67  0.76  36.6702  0.0103   21.4990  0.0170  15.0    1.6   4.3  154  176
2023 02 03 20 52 14.82  0.27  41.4717  0.0029   19.5263  0.0077  20.5    0.5   2.8   44  106
2023 02 03 21 28 36.03  0.12  43.3372  0.0058   17.8133  0.0064  10.0    0.6   1.9   28  309
2023 02 04 00 24 41.38  0.23  41.8817  0.0052   19.5010  0.0100  10.0    1.2   1.6   30  232
2023 02 06 00 48 37.57  0.11  42.6454  0.0022   18.2885  0.0054   9.4    0.6   2.3   26  250
2023 02 06 01 17 27.56  0.99  37.4000  0.9999   38.1000  0.9999  33.0    9.9   7.5   32  357
2023 02 06 10 24 17.84  0.99  37.0000  0.9999   40.3000  0.9999  33.0    9.9   7.5   29  357
2023 02 06 12 02 03.20  0.99  37.6000  0.9999   37.6000  0.9999  33.0    9.9   7.4   27  357
2023 02 06 15 33 12.30  0.99  36.3000  0.9999   40.0000  0.9999  33.0    9.9   0.0   11  357
2023 02 06 18 43 23.79  0.17  43.0280  0.0049   18.2044  0.0090  19.4    1.4   2.2   20  271
2023 02 06 20 38 10.69  0.99  35.8000  0.9999   40.8000  0.9999  33.0    9.9   7.1   18  357
2023 02 07 03 11 39.50  0.99  32.1000  0.9999   45.6000  0.9999  33.0    9.9   0.0   15  358
2023 02 07 07 11 00.79  0.99  38.6000  0.9999   40.6000  0.9999  33.0    9.9   6.7   16  357
2023 02 07 10 53 22.46  0.46  40.1019  0.0077   23.5257  0.0262  10.9    1.6   4.2   46  221
2023 02 07 12 38 46.30  0.13  42.7255  0.0017   18.9424  0.0029   0.0   11.1   1.7   22   63
2023 02 07 15 28 34.17  0.10  42.3516  0.0037   18.9351  0.0054   6.5    1.0   1.7   13   80
2023 02 08 11 10 08.39  0.99  32.9000  0.9999   46.6000  0.9999  33.0    9.9   6.4   20  358
2023 02 09 08 58 36.47  0.11  42.4941  0.0022   19.1297  0.0031   4.6    1.6   1.4   18   82
2023 02 09 10 57 36.84  0.26  41.1054  0.0023   20.2960  0.0066   3.2    0.6   3.8   51  107
2023 02 09 15 11 41.68  0.32  45.0490  0.0286   16.3829  0.0417   3.3    2.5   3.5   24  294
2023 02 09 16 20 00.37  0.62  42.4123  0.0189   21.4094  0.0342   6.1    2.3   2.4   24  293
2023 02 09 17 11 54.53  0.37  43.0896  0.0086   18.7059  0.0123   9.2    3.4   2.1   28  198
2023 02 09 17 47 34.13  0.46  40.5050  0.0111   20.9398  0.0208   3.6    1.1   3.5   40  247
2023 02 09 18 46 59.93  0.26  43.5278  0.0154   20.5473  0.0264  11.8    1.4   2.3   18  309
2023 02 09 19 00 56.23  0.16  42.4093  0.0034   19.2096  0.0036  20.1    0.8   1.5   22   61
2023 02 09 22 20 41.89  0.36  41.6208  0.0082   20.7485  0.0184   3.8    1.5   2.4   20  206
2023 02 10 06 58 49.12  0.23  44.3406  0.0407   18.1405  0.0482   9.3    4.9   2.8   12  199
2023 02 11 06 23 50.25  0.43  41.0535  0.0043   20.1389  0.0086   7.9    0.8   2.8   69   99
2023 02 11 13 52 55.91  0.30  40.4498  0.0031   20.7653  0.0044   9.4    0.5   3.1   80   30
2023 02 12 00 56 55.58  0.17  41.0735  0.0016   19.5065  0.0048   5.1    0.4   2.4   40  151
2023 02 12 03 52 20.44  0.65  39.3198  0.0078   20.4438  0.0157  15.4    1.4   3.0   72  134
2023 02 12 07 24 50.14  0.16  40.9420  0.0024   19.3895  0.0078  12.6    0.3   3.5   38  180
2023 02 12 10 02 32.82  0.16  41.0520  0.0018   19.6376  0.0070  11.1    0.5   2.5   34  138
2023 02 12 12 13 29.80  0.05  42.6793  0.0013   19.1506  0.0016  20.6    0.4   1.4   18  117
2023 02 12 18 08 50.82  0.09  42.2452  0.0016   19.5292  0.0024  17.8    0.7   1.8   28   88
2023 02 12 22 05 44.22  0.21  43.6858  0.0036   20.6304  0.0063  10.0    1.0   2.7   20  173
2023 02 13 14 58 06.87  0.50  45.1478  0.0042   23.2073  0.0091  24.5    0.8   5.0  147   49
2023 02 13 15 18 50.00  0.46  45.3692  0.0062   16.3163  0.0086  18.9    0.9   3.7  108   93
2023 02 13 20 39 45.86  0.69  38.7260  0.0364   23.0671  0.0364  10.0    3.2   3.9   44  242
2023 02 14 00 20 02.91  0.47  39.6879  0.0081   23.5784  0.0282  13.0    1.6   3.6   42  196
2023 02 14 05 42 49.50  0.12  43.6073  0.0020   20.6179  0.0034   7.1    0.4   2.4   32  162
2023 02 14 09 40 27.57  0.25  42.6071  0.0040   18.9576  0.0051  21.3    0.6   1.6   29   46
2023 02 14 12 18 34.15  0.63  40.4193  0.0087   19.5122  0.0211  15.8    1.2   2.8   49   88
2023 02 14 13 16 52.01  0.93  45.0927  0.0060   23.1803  0.0094  21.0    1.5   5.7  218   13
2023 02 14 14 57 23.87  0.12  42.4979  0.0024   18.4382  0.0048   4.6    0.7   1.9   26  203
2023 02 17 09 11 41.20  0.82  45.0945  0.0068   23.0923  0.0091  21.1    1.3   3.9  155   14
2023 02 15 10 43 10.51  1.01  35.2787  0.0329   22.5805  0.0343  28.6    3.8   4.2   99  202
2023 02 15 21 28 28.52  0.92  45.0822  0.0076   23.0807  0.0111  23.3    1.5   3.4  139   12
2023 02 16 01 07 07.83  0.75  44.8631  0.3381   22.8577  0.3473  10.0   11.1   3.8   36  317
2023 02 16 02 48 37.98  0.20  42.0917  0.0040   19.1842  0.0061  13.7    1.0   1.7   32  145
2023 02 16 06 51 37.52  0.07  43.0800  0.0038   18.1080  0.0094  16.6    1.4   1.9   12  283
2023 02 16 08 39 21.01  0.34  38.6130  0.0049   20.2829  0.0054   8.4    1.0   3.8  130   90
2023 02 16 09 47 44.86  0.90  44.9903  0.0075   14.6282  0.0091   5.9    2.3   5.3  199   18
2023 02 16 11 48 32.97  0.16  42.4090  0.0036   19.3735  0.0062  21.8    1.3   2.2   16  121
2023 02 16 11 49 17.63  0.16  42.4073  0.0026   19.3838  0.0032  22.0    0.9   2.3   24   68
2023 02 17 15 51 53.09  0.11  42.5406  0.0026   18.7119  0.0048  10.0    1.6   0.9   10  101
2023 02 18 13 48 38.54  0.22  42.5325  0.0065   18.6607  0.0100   0.0   11.1   1.0   10  111
2023 02 18 16 04 34.28  0.55  45.0656  0.0056   23.1582  0.0091  21.5    1.1   3.5  102   20
2023 02 18 17 32 57.48  0.22  35.8187  0.1026   25.5390  0.1274  10.9   13.7   5.1   36  323
2023 02 18 18 29 50.22  0.45  37.5270  0.0134   20.7294  0.0157   0.0   11.1   3.9   38  193
2023 02 18 20 14 32.10  0.27  37.4683  0.0072   20.7721  0.0087   8.7    0.9   4.6   46  196
2023 02 18 23 01 59.37  0.99 -20.3000  0.9999 -170.9000  0.9999  33.0    9.9   0.0   20  360
2023 02 19 20 41 39.59  0.10  42.1368  0.0022   19.2683  0.0037  14.4    0.8   1.7   29  113
2023 02 19 22 43 14.02  0.30  41.6513  0.0058   19.4043  0.0102  13.8    1.1   2.1   38  154
2023 02 20 01 11 17.39  0.78  38.6393  0.0067   14.1592  0.0095  23.6    1.0   3.9  204   32
2023 02 20 02 28 35.66  0.33  42.6836  0.0058   18.9344  0.0058  12.7    1.6   1.6   28   72
2023 02 20 07 47 22.23  0.28  41.8696  0.0126   19.2959  0.0462  23.6    1.1   1.7   14  177
2023 02 20 12 58 52.92  0.36  42.3385  0.0067   20.0052  0.0139  12.0    2.3   1.9   30  138
2023 02 20 17 03 55.95  0.99  34.3000  0.9999   38.3000  0.9999  33.0    9.9   7.8   32  357
2023 02 21 00 07 20.52  0.50  43.2975  0.0034   13.4138  0.0042   8.3    0.6   3.9  342   11
2023 02 21 11 21 11.16  0.35  42.4896  0.0057   18.9344  0.0102   5.8    2.8   1.4   20   74
2023 02 21 19 37 40.37  0.65  42.0154  0.0145   15.5034  0.0250  19.6    2.8   2.9   38  109
2023 02 21 22 06 23.40  0.14  42.0864  0.0046   19.1736  0.0078  14.6    1.0   1.7   16  149
2023 02 22 00 27 32.57  0.60  41.5476  0.0118   20.9319  0.0264   0.6   11.1   2.9   41  218
2023 02 22 01 10 17.19  0.99  20.3000  0.9999   62.8000  0.9999  33.0    9.9   0.0   11  359
2023 02 22 02 56 48.74  0.32  43.0885  0.0064   18.0577  0.0116   4.3    1.1   2.7   36  186
2023 02 22 06 26 23.70  1.03  43.6427  0.0449   21.2997  0.0850  10.0    6.9   3.6   27  173
2023 02 22 12 35 25.33  0.69  38.6384  0.0065   22.0114  0.0079  13.1    0.9   3.8  149   13
2023 02 22 12 48 08.16  0.32  41.6749  0.0091   19.6025  0.0104   3.8    1.2   2.8   34  275
2023 02 23 00 43 07.05  4.12  42.8826  0.7435   31.7388  3.2660  10.0   11.1   6.0   36  312
2023 02 24 04 35 21.32  0.08  42.0738  0.0018   19.0921  0.0022  12.6    0.5   1.4   24  176
2023 02 24 11 19 26.96  0.09  41.1948  0.0014   20.6567  0.0058   0.9    0.3   2.7   26  220
2023 02 25 03 39 21.73  0.14  42.1943  0.0031   19.5265  0.0032  25.8    0.9   1.9   24  104
2023 02 25 04 00 52.94  0.17  43.3271  0.0030   18.6422  0.0064  14.7    0.8   2.3   32  125
2023 02 25 13 27 31.93  0.99  43.3000  0.9999  148.2000  0.9999  33.0    9.9   6.3   23  359
2023 02 26 14 19 22.33  0.17  43.7196  0.0031   20.6407  0.0062  10.7    0.7   2.3   26  177
2023 02 27 00 50 16.90  0.14  41.7360  0.0014   19.3984  0.0040   8.9    0.4   2.1   40  140
2023 02 27 04 50 08.38  0.50  37.9831  0.0052   21.9016  0.0053  11.7    0.7   3.4  125   31
2023 02 27 10 24 30.24  0.20  41.4627  0.0031   19.6442  0.0066   8.7    0.6   2.5   42  143
2023 02 27 11 28 35.26  0.35  41.8739  0.0097   20.9972  0.0158   1.9    1.0   2.2   30  285
2023 02 27 17 42 36.81  0.13  42.3810  0.0030   19.2284  0.0058  20.8    0.6   2.2   19   80
2023 02 27 21 50 48.53  3.88  40.3764  0.1037   16.7665  0.2736  58.0   11.1   3.6   25  120
2023 02 27 23 03 16.57  0.34  44.4325  0.0184   17.4227  0.0416   0.0   11.1   2.9   19  174
2023 02 28 15 10 00.58  0.08  41.9902  0.0023   18.9790  0.0026   7.6    1.0   3.1   22  225
2023 02 28 17 43 45.45  0.35  41.0362  0.0046   19.7812  0.0092  15.9    1.1   3.9   44   81
2023 03 01 02 55 09.24  0.41  40.9971  0.0046   19.7913  0.0104  17.2    0.8   2.6   62   55
2023 03 02 04 40 36.13  0.99   8.9000  0.9999  -85.4000  0.9999  33.0    9.9   0.0   15  359
2023 03 03 03 27 22.87  0.16  43.6947  0.0033   20.6511  0.0094  12.0    1.1   2.3   24  174
2023 03 03 06 12 56.18  0.23  43.4027  0.0078   19.2033  0.0109  12.0    2.1   1.7   16  151
2023 03 03 10 51 00.02  0.42  41.1661  0.0049   19.7715  0.0184  15.8    0.9   2.6   28  127
2023 03 03 22 34 49.05  0.22  37.2876  0.0036   20.4246  0.0037  17.5    0.5   3.9  108  131
2023 03 03 16 15 12.86  0.41  41.3922  0.0113   20.5959  0.0146  12.0    1.0   2.4   24  321
2023 03 07 14 16 51.55  0.06  42.7686  0.0010   18.9113  0.0015  19.1    0.3   2.1   30   73
2023 03 08 06 03 24.92  0.99  48.2000  0.9999  155.3000  0.9999  33.0    9.9   6.1   33  359
2023 03 08 10 16 19.71  0.35  39.7716  0.0029   22.0840  0.0052  12.0    0.5   3.6  108   36
2023 03 08 15 55 29.55  0.34  41.5527  0.0036   19.4628  0.0087  10.5    0.8   3.1   40  143
2023 03 08 15 58 23.07  0.09  41.6207  0.0031   19.4637  0.0048  15.1    0.6   2.4   30  153
2023 03 08 16 40 57.64  0.13  41.5940  0.0016   19.4899  0.0046  13.1    0.4   2.7   32  140
2023 03 08 19 05 14.36  0.13  41.5116  0.0031   19.4711  0.0071  15.5    0.6   2.4   30  156
2023 03 08 21 41 49.08  0.32  41.6361  0.0134   19.4407  0.0175  19.9    1.8   2.2   16  233
2023 03 08 23 41 51.32  0.91  36.8671  0.0430   19.8839  0.0600  23.3    5.9   4.9   50  178
2023 03 09 07 36 33.88  0.23  41.4611  0.0046   20.0446  0.0074   8.3    0.7   3.0   28  129
2023 03 09 15 05 43.96  0.12  43.3051  0.0051   12.5905  0.0211   8.1    1.3   4.5   38  279
2023 03 09 19 08 07.20  0.49  43.2595  0.0128   12.4568  0.0152   8.8    1.4   4.6   59  159
2023 03 09 19 13 56.71  0.16  43.2409  0.0049   12.2845  0.0051  13.1    0.4   4.0   45  163
2023 03 09 20 59 14.35  0.26  40.8738  0.0031   21.5080  0.0068   3.8    0.6   3.4   55  137
2023 03 11 10 19 43.96  0.07  41.7141  0.0025   19.6072  0.0035  26.8    0.2   2.4   24  279
2023 03 11 10 58 19.60  0.14  40.0114  0.0038   16.6203  0.0071  12.0    0.8   4.1   46  163
2023 03 11 23 34 22.06  0.04  43.0645  0.0023   18.2512  0.0028  15.8    0.6   2.0   14  295
2023 03 11 22 03 55.52  0.16  43.0757  0.0073   18.2682  0.0100  12.0    2.5   2.1   14  263
2023 03 11 21 34 09.86  0.08  38.7373  0.0051   23.3925  0.0070   5.5    0.7   4.0   18  195
2023 03 12 11 07 25.75  0.04  43.0662  0.0010   18.2873  0.0021  16.6    0.2   2.2   24  261
2023 03 12 13 08 16.88  0.09  43.0771  0.0023   18.2718  0.0045  10.1    1.2   2.2   20  262
2023 03 12 14 51 48.09  0.46  41.0967  0.0055   20.3988  0.0101   7.3    0.9   2.8   62   82
2023 03 12 14 58 43.82  0.45  41.0894  0.0059   20.4068  0.0097  12.0    0.9   2.7   63   81
2023 03 12 18 26 13.65  0.25  42.3593  0.0049   19.3698  0.0065  25.6    1.5   2.3   26   69
2023 03 13 14 39 17.07  0.05  41.8029  0.0014   19.3573  0.0016  13.8    0.3   2.5   32  217
2023 03 14 09 14 36.63  0.11  42.5124  0.0031   19.1376  0.0067  12.0    1.4   1.0   10  162
2023 03 14 16 36 02.68  0.58  35.7313  0.0225   21.7532  0.0289  20.9    3.3   5.6   52  237
2023 03 15 00 44 41.15  0.07  44.9299  0.0679   17.5921  0.0696   8.3    7.7   3.2   22  324
2023 03 16 03 27 26.01  0.47  40.1607  0.0062   19.8381  0.0085   7.8    1.0   3.4   53   84
2023 03 16 11 46 30.41  0.99  37.5000  0.9999   50.4000  0.9999  33.0    9.9   6.0   20  358
2023 03 16 08 29 18.69  0.29  42.4287  0.0072   19.3580  0.0115  23.5    1.8   1.6   14  167
2023 03 17 13 45 42.15  0.54  37.9172  0.0143   21.2179  0.0162  22.1    1.4   4.0   54  107
2023 03 18 03 59 48.58  0.82  40.0968  0.0065   20.3350  0.0076  25.5    1.5   3.3  217   47
2023 03 20 04 10 11.85  0.18  42.7588  0.0030   20.4145  0.0059  10.7    0.6   2.4   36  213
2023 03 20 11 04 37.26  0.07  41.5857  0.0023   19.4776  0.0026  12.0    0.4   2.0   20  247
2023 03 20 14 02 16.38  0.41  45.0680  0.0035   23.1620  0.0059  25.6    0.7   4.4  177   26
2023 03 20 20 05 14.87  0.11  43.3068  0.0022   18.3988  0.0041   8.3    0.4   2.9   36  230
2023 03 20 21 01 12.95  0.50  38.9533  0.0047   21.1931  0.0056  15.2    0.7   3.4  133   28
2023 03 21 00 20 14.57  0.50  38.9801  0.0078   21.1863  0.0105  13.0    0.9   4.6   63  118
2023 03 21 00 54 10.27  1.10  39.0116  0.0353   21.2101  0.0361  24.0    2.8   3.4   36  121
2023 03 21 01 58 08.88  0.18  39.1079  0.0032   21.3269  0.0040  16.7    0.3   3.4   42  131
2023 03 21 02 15 48.23  0.31  39.0095  0.0049   21.2511  0.0076  10.2    0.7   3.7   26  133
2023 03 21 02 22 21.82  0.46  39.0224  0.0085   21.2402  0.0129  16.9    1.0   3.4   34  133
2023 03 21 02 52 45.58  0.46  39.0130  0.0071   21.2736  0.0085   5.7    1.1   3.5   38  131
2023 03 21 16 47 00.96  0.99  35.7000  0.9999   71.0000  0.9999  33.0    9.9   6.9   33  359
2023 03 21 21 46 33.96  0.17  43.1444  0.0033   19.7854  0.0058  12.0    0.7   2.1   30  219
2023 03 21 22 54 39.33  0.36  42.4287  0.0063   19.8441  0.0108  15.7    3.1   1.8   22   84
2023 03 22 07 36 43.26  0.99  36.6000  0.9999  142.8000  0.9999  33.0    9.9   6.7   26  359
2023 03 23 01 43 19.59  0.72  40.4737  0.0051   20.7033  0.0076   8.3    1.1   4.4  201   26
2023 03 23 01 54 16.21  0.71  40.4523  0.0060   20.7164  0.0090   0.1   11.1   3.2  104   30
2023 03 23 02 09 34.90  0.69  40.4353  0.0187   20.7534  0.0301  12.6    1.6   3.6   50  214
2023 03 23 02 22 46.43  0.26  40.4330  0.0065   20.6624  0.0117   4.6    0.8   3.3   44  196
2023 03 23 02 30 22.77  0.36  40.4664  0.0103   20.7360  0.0187   7.5    1.0   2.5   30  210
2023 03 23 03 30 40.83  0.33  40.4212  0.0033   20.7401  0.0067   5.3    0.6   3.8   66  108
2023 03 23 04 21 28.54  0.27  40.4824  0.0079   20.6820  0.0150   6.9    0.9   2.6   40  192
2023 03 23 05 51 08.14  0.35  40.4209  0.0112   20.7321  0.0163   0.0   11.1   2.8   34  215
2023 03 23 05 59 47.48  0.42  40.4259  0.0050   20.6882  0.0092   0.6    1.2   2.4   45   41
2023 03 23 08 05 33.18  0.39  40.4347  0.0076   20.7822  0.0106  13.9    1.0   2.9   56   47
2023 03 23 23 46 04.39  0.40  41.6556  0.0081   14.9345  0.0176  13.9    1.7   2.9   42  144
2023 03 24 03 16 56.86  0.71  38.3220  0.0162   44.7679  0.0362  12.0    2.0   0.0   91  191
2023 03 24 05 00 51.53  0.39  43.5032  0.0244   16.7388  0.1355  14.1    9.6   2.7   34  245
2023 03 24 08 02 22.52  0.58  40.3623  0.0292   20.8163  0.0883   0.1   11.1   3.1   22  329
2023 03 24 10 59 38.05  0.71  40.3418  0.0184   21.0998  0.0410   3.9    1.9   3.3   30  262
2023 03 24 03 51 49.09  0.65  38.3914  0.0093   21.9225  0.0111   7.6    1.5   3.6   53   38
2023 03 24 22 32 01.55  0.29  43.4088  0.0121   17.2321  0.0282   9.6    0.9   2.4   18  223
2023 03 24 23 24 11.23  0.17  37.8507  0.0048   20.9399  0.0068  12.0    0.7   3.8   44  168
2023 03 26 04 09 16.87  0.24  41.7374  0.0039   14.2400  0.0049  17.5    0.6   3.2   88   46
2023 03 26 04 32 11.85  0.05  42.3558  0.0010   18.9073  0.0015   0.0   11.1   1.2   12   97
2023 03 26 18 34 33.18  0.07  42.5959  0.0014   19.0926  0.0014  19.5    0.3   2.0   28   82
2023 03 26 20 20 51.14  0.38  40.4767  0.0037   20.7626  0.0059  11.0    0.6   2.9   74   52
2023 03 26 23 21 53.56  0.36  40.4564  0.0041   20.6990  0.0074   0.1   11.1   2.6   51  101
2023 03 26 23 35 24.42  0.51  41.7642  0.0063   14.2470  0.0094  14.2    0.9   3.4  102   41
2023 03 27 02 28 28.97  0.99 -18.2000  0.9999 -174.7000  0.9999  33.0    9.9   0.0   23  360
2023 03 27 04 59 26.14  0.20  43.9530  0.0033   19.2371  0.0059  12.0    0.4   2.3   36   91
2023 03 27 11 26 18.86  0.07  43.7522  0.0017   18.4040  0.0031   0.5    0.3   2.4   24  162
2023 03 27 20 14 24.51  0.16  41.7682  0.0040   19.0398  0.0040  10.7    0.6   2.8   34  235
2023 03 27 21 52 38.86  0.31  43.5187  0.0045   19.7873  0.0073  10.1    0.7   2.7   38  124
2023 03 27 14 48 43.86  0.27  42.1180  0.0066   19.0803  0.0069  16.1    1.6   2.1   24  166
2023 03 28 21 52 45.24  0.62  41.7162  0.0062   14.6528  0.0065  12.0    1.3   4.6  221   41
2023 03 29 00 41 33.49  0.46  41.7672  0.0054   22.2284  0.0079  10.1    1.0   2.8   75   66
2023 03 29 09 05 31.21  0.16  43.1680  0.0024   19.7267  0.0047   2.0   11.1   2.0   30  176
2023 03 30 19 23 01.37  0.41  34.6176  0.0048   25.3028  0.0093  14.6    1.7   4.4  153  140
2023 03 30 15 00 37.73  0.40  41.0824  0.0036   19.9857  0.0055  20.0    0.7   3.1  113   43
2023 03 31 01 39 26.30  0.39  40.4628  0.0049   20.7063  0.0083   5.3    1.0   2.7   62   98
2023 03 31 16 05 27.10  0.59  38.2835  0.2978   23.4383  0.3953   6.3   11.1   4.8   46  315
2023 04 01 09 11 34.56  0.12  40.7982  0.0018   19.7432  0.0057  11.0    0.4   2.9   28  153
2023 04 01 17 55 58.74  0.12  42.9052  0.0031   17.6154  0.0041   5.9    0.5   2.3   32  226
2023 04 02 00 45 57.79  0.95  37.9447  0.0132   21.0122  0.0151  11.0    1.6   3.7  131   86
2023 04 02 01 31 43.61  0.21  43.4559  0.0061   19.8514  0.0066   9.6    0.7   2.2   34  205
2023 04 02 02 26 18.35  0.20  43.4954  0.0031   19.8259  0.0047  11.9    0.4   2.8   40  124
2023 04 02 04 14 15.18  0.15  43.4612  0.0061   19.7954  0.0072  15.0    0.9   1.6   20  208
2023 04 02 09 37 21.56  0.14  43.4675  0.0079   19.8227  0.0091  13.6    1.0   1.7   14  212
2023 04 02 16 51 27.71  0.35  41.4402  0.0087   20.1561  0.0149   8.6    0.9   2.7   32  158
2023 04 02 16 57 53.89  0.40  41.3998  0.0282   20.0618  0.0383  11.5    1.8   2.2   16  317
2023 04 03 03 06 38.25  0.99  51.0000  0.9999  157.6000  0.9999  33.0    9.9   0.0   12  359
2023 03 04 06 40 54.38  0.99 -29.0000  0.9999 -179.0000  0.9999  33.0    9.9   0.0   22  360
2023 03 04 10 02 04.98  0.30  41.5504  0.0090   19.6027  0.0106   0.0   11.1   2.3   26  240
2023 03 04 12 39 48.22  0.22  41.3081  0.0039   20.3725  0.0080   0.3   11.1   2.8   28  184
2023 03 04 17 55 34.71  0.34  36.6913  0.0139   20.9906  0.0205  13.7    1.4   3.4   28  285
2023 03 04 21 18 43.04  0.18  41.9933  0.0039   20.2795  0.0071  11.0    0.7   2.1   24  177
2023 04 03 22 25 46.54  0.36  44.0383  0.0049   20.6756  0.0053  18.3    0.6   2.8   73   39
2023 04 04 04 55 46.42  5.06  39.7390  0.3007   21.1097  0.3941  11.0   11.1   4.1   34  264
2023 04 04 12 54 27.17  0.99  15.6000  0.9999  128.9000  0.9999  33.0    9.9   0.0   19  359
2023 04 04 20 30 59.92  0.64  38.0343  0.0105   20.1174  0.0203  11.0    1.4   3.8  132  171
2023 04 04 22 18 48.04  0.99  12.0000  0.9999  -75.8000  0.9999  33.0    9.9   7.1   20  359
2023 04 05 21 12 59.98  0.48  44.9387  0.0121   17.3646  0.0127   5.0    2.1   3.0   53  129
2023 04 05 22 59 54.10  0.18  42.3174  0.0030   18.8944  0.0054   6.7    0.5   2.0   30  112
2023 04 06 00 35 57.30  0.26  42.9216  0.0037   19.0311  0.0048  13.8    1.0   2.0   36   62
2023 04 06 01 34 37.24  0.55  37.9264  0.0653   16.1494  0.0979  11.0   10.5   3.8   29  288
2023 04 06 04 10 19.97  0.99   7.7000  0.9999  102.4000  0.9999  33.0    9.9   0.0   10  359
2023 04 06 06 40 08.90  0.41  42.3275  0.0143   20.8768  0.0199   9.4    1.2   2.4   26  284
2023 03 06 08 56 37.47  0.22  42.5013  0.0082   18.6136  0.0139   6.0    5.4   1.4   12  105
2023 04 06 15 14 44.33  0.52  37.3404  0.0107   16.1325  0.0197  20.0    1.7   3.5   63  130
2023 04 07 12 42 26.62  0.16  43.4858  0.0031   18.9798  0.0053   0.0   11.1   1.6   22  189
2023 04 07 14 01 05.92  0.20  43.2031  0.0028   18.3025  0.0061  17.3    0.5   2.3   36  157
2023 04 07 17 50 58.79  0.21  43.7792  0.0035   18.4399  0.0050  11.0    0.6   2.4   38  134
2023 04 09 01 31 40.03  0.33  43.6249  0.0090   17.5413  0.0200   4.6    1.1   2.1   22  198
2023 04 08 02 07 21.33  0.25  41.6858  0.0049   20.7096  0.0096   9.2    0.5   2.6   36  204
2023 04 08 02 34 17.36  0.20  43.9965  0.0044   18.3027  0.0049   9.0    0.6   2.3   36  146
2023 04 08 04 04 47.41  0.44  42.5286  0.0080   18.6742  0.0111   0.0   11.1   0.9   18   95
2023 04 08 08 34 34.83  0.57  41.6719  0.0184   20.7918  0.0272   0.0   11.1   2.4   26  302
2023 04 08 13 25 13.24  0.31  43.0467  0.0101   18.2032  0.0170  23.3    1.3   1.7   16  272
2023 04 09 14 02 56.75  1.00  43.9426  0.0078   13.2911  0.0116  15.9    1.5   3.2  202   33
2023 04 09 19 00 35.81  0.19  42.8026  0.0036   18.4266  0.0070  11.0    1.1   1.8   30  181
2023 04 09 09 52 56.53  0.28  42.3313  0.0105   19.0190  0.0111  15.2    2.5   1.1   10  113
2023 04 09 12 11 24.19  0.03  42.5693  0.0011   18.6328  0.0021   8.8    0.7   1.0   12  129
2023 04 10 00 21 29.24  0.45  38.1159  0.0041   22.9413  0.0051  15.1    0.5   3.1  137   22
2023 04 10 02 56 19.03  0.27  40.7279  0.0046   20.6862  0.0097  11.0    0.8   2.3   34  155
2023 04 10 04 05 20.75  0.35  38.1038  0.0061   20.6585  0.0064  11.0    0.5   3.5   81  120
2023 04 10 11 10 05.01  0.51  40.4996  0.0059   20.4398  0.0074  11.0    1.0   3.0   78   56
2023 04 10 11 16 50.52  0.53  40.5404  0.0055   20.5233  0.0104  11.0    1.0   2.8   84   40
2023 04 11 06 06 15.40  0.75  35.1794  0.0614   14.8587  0.1069  11.0    7.4   4.6   13  298
2023 04 11 13 50 18.04  0.40  41.1516  0.0046   20.2543  0.0096   6.8    1.0   2.7   49   97
2023 04 11 14 00 57.20  0.42  41.1594  0.0043   20.2223  0.0128   1.3    1.2   2.7   46  101
2023 04 11 17 44 12.53  0.36  41.1268  0.0109   20.2151  0.0211  11.0    1.0   2.4   26  177
2023 04 12 01 24 07.78  0.65  41.7660  0.0076   22.1820  0.0106  11.0    1.3   2.9   81   63
2023 04 12 03 43 30.51  0.18  41.5672  0.0037   19.4122  0.0076   9.1    0.9   2.0   36  190
2023 04 12 20 48 03.98  0.52  41.1600  0.0042   20.2893  0.0078   7.6    0.8   3.6  120   28
2023 04 12 20 52 06.71  0.53  41.0968  0.0163   20.2843  0.0163  11.0    1.3   2.4   24  304
2023 04 12 21 41 15.73  0.22  41.1375  0.0061   20.2390  0.0117   4.5    0.8   2.3   20  177
2023 04 12 23 13 31.70  0.83  41.0412  0.0355   20.1819  0.0464   0.0   11.1   2.5   14  327
2023 04 13 03 23 47.87  0.30  40.4600  0.0050   20.8660  0.0053  11.0    0.8   3.0   67   38
2023 04 13 03 24 26.69  0.99  15.6000  0.9999   57.6000  0.9999  33.0    9.9   0.0   11  359
2023 04 13 21 23 41.77  0.45  37.7742  0.0049   21.0653  0.0110   0.0   11.1   4.7   97  102
2023 04 13 23 02 05.86  3.35  35.8649  0.0712   23.6474  0.0740  11.0   17.7   5.3   44   94
2023 04 14 09 03 49.23  0.34  40.5219  0.0063   20.9481  0.0164   2.3    1.0   3.5   30  204
2023 04 14 10 27 44.99  0.53  40.5067  0.0086   20.8685  0.0109   0.4   11.1   2.3   33   54
2023 04 14 23 06 47.50  0.19  41.6064  0.0082   19.6180  0.0093  11.0    1.5   1.8   20  292
2023 04 15 01 29 03.99  0.13  42.4017  0.0036   18.4309  0.0054   7.8    0.4   1.9   34  234
2023 04 15 03 37 59.02  0.16  42.5510  0.0034   18.6182  0.0045   0.0   11.1   1.4   12   91
2023 04 15 10 43 04.45  0.23  41.1422  0.0028   20.0261  0.0069   3.8    0.6   2.6   36  108
2023 04 15 22 10 40.96  0.57  44.9860  0.0040   18.3704  0.0052  16.4    0.8   3.9  240   34
2023 04 16 15 59 41.56  0.30  43.2209  0.0036   19.2675  0.0056   6.0    0.9   2.8   40   54
2023 04 17 21 06 34.66  0.50  39.5624  0.0228   22.3420  0.0348   7.1    2.3   3.7   45  302
2023 04 18 02 41 13.42  0.99  51.4000  0.9999  151.7000  0.9999  33.0    9.9   0.0   11  359
2023 04 18 04 30 30.22  0.99 -28.1000  0.9999  179.8000  0.9999  33.0    9.9   0.0   15  360
2023 04 18 16 20 24.47  0.45  39.7378  0.0040   21.9313  0.0066  14.2    0.7   3.3  114   34
2023 04 18 18 54 57.85  0.45  39.7178  0.0058   21.9114  0.0085  17.0    0.9   3.3   76   37
2023 04 19 02 47 04.59  0.22  41.4981  0.0024   19.3402  0.0079  17.6    0.4   2.3   40  153
2023 04 19 03 52 40.26  0.42  37.7564  0.0702   20.9576  0.0905   0.0   11.1   4.0   44  302
2023 04 19 04 40 17.57  0.79  37.4606  0.0155   21.3224  0.0162  20.1    1.3   3.3   95  152
2023 04 19 05 48 04.58  0.15  37.7233  0.1626   20.7659  0.5552  11.0   11.1   3.6   26  344
2023 04 19 13 52 12.29  0.09  42.5531  0.0017   18.6889  0.0025   3.7    2.2   1.5   14   85
2023 04 19 16 34 26.94  0.26  41.9339  0.0117   20.1231  0.0118  14.3    1.0   2.1   16  142
2023 04 20 04 57 44.38  0.26  39.9846  0.0065   21.4009  0.0115   7.1    0.7   3.4   28  254
2023 04 20 15 58 12.70  0.17  43.0783  0.0035   18.0688  0.0083   3.0    0.6   2.1   32  258
2023 04 20 19 06 46.54  0.23  41.4195  0.0037   19.6271  0.0063  12.1    0.5   2.8   36   77
2023 04 21 10 25 39.15  0.18  42.8611  0.0026   18.6129  0.0047  20.5    0.4   2.1   32   84
2023 04 21 12 06 28.40  0.36  38.1015  0.0428   15.9452  0.0533   5.2    5.8   4.5   40  297
2023 04 21 18 13 22.12  0.62  35.3177  0.1348   15.4648  0.1711  11.7   18.9   4.2   32  268
2023 04 21 22 19 52.25  1.07  35.2881  0.0992   15.8576  0.2793  11.0   11.1   5.4   51  262
2023 04 22 08 38 00.85  1.01  38.1797  0.5684   24.7146  1.0472  11.0   11.1   4.5   27  323
2023 04 23 08 25 25.81  0.06  42.2336  0.0017   18.8805  0.0031  12.8    0.6   1.7   24  172
2023 04 23 19 18 54.33  0.38  40.4726  0.0098   20.6413  0.0197   8.4    1.2   2.8   28  227
2023 04 23 19 49 13.28  0.16  42.8418  0.0086   17.9180  0.0186  21.7    3.0   1.8   14  291
2023 04 24 00 39 24.28  0.21  41.9168  0.0036   20.2651  0.0057   0.1   11.1   2.9   32  167
2023 04 24 00 41 38.84  0.99 -44.4000  0.9999 -168.4000  0.9999  33.0    9.9   0.0   12  360
2023 04 24 08 55 49.30  0.30  41.9209  0.0065   20.2347  0.0099  11.0    1.6   2.5   26  162
2023 04 24 19 59 38.41  0.99  -1.6000  0.9999  118.6000  0.9999  33.0    9.9   0.0   14  359
2023 04 24 22 34 13.79  0.55  40.7367  0.0058   20.9368  0.0067  16.8    1.0   3.8  152   43
2023 04 25 11 46 56.94  0.08  42.0987  0.0030   20.0627  0.0051  16.4    0.4   1.9   14  246
2023 04 26 01 04 10.24  0.49  42.1306  0.0055   20.0612  0.0094  12.3    1.0   2.4   54   27
2023 04 26 03 17 31.86  0.14  43.1891  0.0035   17.4620  0.0067   9.2    0.3   2.6   28  219
2023 04 26 20 00 37.17  0.86  36.5795  0.1295   25.9967  0.2307  25.3   20.6   5.2   66  291
2023 04 27 13 10 15.98  0.31  42.8979  0.0076   18.5997  0.0112   4.1    3.1   1.4   14  122
2023 04 27 17 53 58.12  0.27  44.3148  0.0164   17.8258  0.0189  11.0    1.7   2.8   38  158
2023 04 28 02 17 32.09  0.83  39.7277  0.0065   22.2492  0.0106  11.0    1.1   3.2  108   29
2023 04 28 04 06 54.40  0.45  39.6944  0.0058   22.2354  0.0083  12.0    0.7   2.8   59   50
2023 04 29 18 02 57.76  0.72  38.3715  0.0058   22.0907  0.0058   9.7    0.9   4.3  183   21
2023 04 28 20 23 04.90  0.17  42.1206  0.0038   19.2010  0.0066  11.0    1.4   2.1   30  134
2023 04 29 23 30 30.88  0.32  41.3169  0.0055   19.5032  0.0128  17.5    0.9   2.4   36  155
2023 05 01 02 22 32.91  0.99  22.3000  0.9999  130.3000  0.9999  33.0    9.9   0.0   16  359
2023 05 01 02 41 26.93  1.03  39.4384  0.0146   15.3769  0.0154  33.0    5.2   5.0  125   91
2023 05 01 03 22 01.52  0.99  22.7000  0.9999  127.4000  0.9999  33.0    9.9   5.8   28  359
2023 05 01 03 43 30.57  0.05  42.1023  0.0012   19.1700  0.0022  14.4    0.4   1.5   16  147
2023 05 01 07 59 52.46  0.99  29.3000  0.9999  127.8000  0.9999  33.0    9.9   0.0   15  359
2023 05 01 08 23 45.96  0.30  39.8141  0.0040   20.6516  0.0085  21.5    0.6   3.0   68   67
2023 05 01 10 03 53.60  0.09  43.0868  0.0023   20.5254  0.0066   6.0    5.5   2.0   18  251
2023 05 01 11 26 28.48  0.52  39.9025  0.0045   23.9351  0.0080  19.1    0.9   3.5  121   22
2023 05 01 12 04 04.61  0.15  44.2295  0.0077   19.0930  0.0123  10.6    0.4   2.3   26  217
2023 05 01 15 06 03.21  0.71  39.6245  0.0055   20.5987  0.0085   6.5    1.2   4.2  203   45
2023 05 01 18 23 24.72  0.06  41.4023  0.0022   20.2801  0.0026   5.6    0.2   2.2   20  283
2023 05 01 22 41 29.68  0.14  42.0949  0.0027   19.9511  0.0036   8.2    0.8   1.8   22  121
2023 05 02 01 41 18.56  0.13  42.5022  0.0017   19.2041  0.0022  17.7    0.5   2.6   33   47
2023 05 02 01 50 21.18  0.53  39.7955  0.0059   20.6033  0.0078  16.1    1.2   3.0  102   87
2023 05 03 18 20 35.02  0.05  42.9095  0.0013   18.4493  0.0023  13.2    0.8   1.6   22  196
2023 05 04 03 31 39.66  0.03  42.5027  1.0796   19.1203  1.1555  20.1   11.1   1.0    6  200
2023 05 04 05 55 50.61  0.15  42.6340  0.0044   18.9910  0.0118  17.8    1.4   1.3   10  137
2023 05 05 05 42 00.60  0.99  36.7000  0.9999  137.2000  0.9999  33.0    9.9   6.2   31  359
2023 05 05 12 58 08.90  0.99  37.0000  0.9999  134.4000  0.9999  33.0    9.9   0.0   22  359
2023 05 05 17 47 00.35  0.99  40.3000  0.9999  143.9000  0.9999  33.0    9.9   0.0   26  359
2023 05 06 06 32 14.23  0.06  43.3072  0.0014   19.7935  0.0031   8.6    1.4   1.7   16  197
2023 05 06 08 36 37.49  0.06  43.3240  0.0013   19.3903  0.0038  20.4    0.3   1.6   12  168
2023 05 06 13 09 50.58  0.08  41.2911  0.0032   19.8133  0.0043   9.6    0.3   2.4   16  270
2023 05 06 14 44 03.84  6.74  38.1891  0.0992   23.7334  0.7172  11.0   11.1   4.7   50  204
2023 05 06 15 58 39.65  0.99  54.0000  0.9999  154.9000  0.9999  33.0    9.9   0.0   17  359
2023 05 06 22 20 39.51  0.75  38.4977  0.0088   20.4170  0.0143  11.0    1.2   3.4  108  129
2023 05 06 23 37 13.59  0.10  41.5403  0.0034   19.5616  0.0038  20.9    0.3   1.7   22  242
2023 05 07 00 21 51.65  0.63  39.4775  0.0094   19.7039  0.0240  11.0    1.6   3.0   76  145
2023 05 07 00 25 32.41  0.47  39.3682  0.0095   19.4370  0.0148  11.0    1.5   2.9   26  244
2023 05 07 08 16 43.73  0.41  38.4891  0.0047   21.5940  0.0049  13.7    0.6   3.5  114   25
2023 05 07 11 36 52.09  0.99  25.1000  0.9999  119.2000  0.9999  33.0    9.9   0.0   15  359
2023 05 08 04 53 11.69  0.38  37.6151  0.0092   19.8979  0.0103  20.5    1.3   4.3   63  143
2023 05 08 14 35 54.76  0.63  39.0633  0.0066   17.0983  0.0079  27.8    1.1   3.3  131   93
2023 05 08 22 45 21.08  0.47  41.8514  0.0104   20.5136  0.0243   1.4    2.4   2.1   20  223
2023 05 09 03 23 48.58  0.67  41.0048  0.0070   19.4916  0.0237  20.1    1.2   2.4   49  153
2023 05 10 06 43 30.72  0.29  43.3083  0.0060   19.8707  0.0151   7.7    8.4   2.1   22  206
2023 05 10 11 50 53.23  0.12  43.1319  0.0065   18.9414  0.0098  11.0    2.3   1.1    8  120
2023 05 10 16 01 34.97  0.99 -15.6000  0.9999 -174.2000  0.9999  33.0    9.9   0.0   18  360
2023 05 10 21 35 09.89  0.36  39.2254  0.0054   21.8809  0.0063  11.0    0.9   3.6   32  112
2023 05 11 01 24 32.08  0.24  43.9225  0.0103   19.2152  0.0175  14.4    1.1   2.4   20  264
2023 05 11 03 34 35.63  0.21  43.3134  0.0039   19.8307  0.0061  13.9    1.3   1.9   22  106
2023 05 11 07 05 59.29  0.09  42.3536  0.0017   19.2778  0.0019  20.7    0.4   2.1   22   75
2023 05 11 09 30 52.53  0.09  42.4219  0.0029   18.5958  0.0037   7.8    0.8   1.8   16  170
2023 05 11 13 33 00.27  0.99  22.0000  0.9999  126.1000  0.9999  33.0    9.9   0.0   21  359
2023 05 11 15 09 28.62  0.08  42.3384  0.0022   18.8662  0.0023   4.7    2.4   1.8   18  140
2023 05 11 17 46 57.82  0.17  43.2811  0.0034   19.8504  0.0056   7.1    1.1   2.4   34  194
2023 05 11 21 06 17.44  0.13  43.3211  0.0024   19.8214  0.0048   5.8    3.7   1.7   26  198
2023 05 11 22 11 51.41  0.25  35.2018  0.0448   15.0778  0.0456  23.8    5.3   4.4   48  297
2023 05 11 23 41 58.46  0.12  42.9956  0.0118   13.0186  0.0325  11.0    2.3   3.4   24  264
2023 05 12 00 03 42.97  0.23  43.2885  0.0035   19.8479  0.0055   7.6    1.2   2.2   34  105
2023 05 12 05 25 05.18  0.16  43.6734  0.0034   17.7008  0.0075   1.6    0.8   2.5   24  187
2023 05 12 07 30 02.89  0.10  43.2946  0.0021   19.8839  0.0038  16.8    0.5   2.0   24  203
2023 05 12 22 17 29.67  0.29  41.7178  0.0102   19.7313  0.0111  13.7    1.0   2.2   26  211
2023 05 12 22 59 34.78  0.23  41.4084  0.0074   20.2081  0.0081  12.4    0.6   2.4   30  157
2023 05 13 03 58 49.87  0.25  41.7380  0.0088   19.4609  0.0090  10.2    1.5   2.3   30  221
2023 05 13 18 54 59.88  0.41  43.2914  0.0056   19.8306  0.0088  11.0    1.2   3.0   38  104
2023 05 13 19 26 38.43  0.13  43.2797  0.0023   19.8392  0.0040  12.9    0.8   2.2   22  104
2023 05 13 19 27 34.37  0.19  43.3150  0.0035   19.8844  0.0076   0.0   11.1   2.1   24  208
2023 05 14 04 15 00.30  0.35  38.7354  0.0034   20.6092  0.0059  15.8    0.5   3.8   99  127
2023 05 14 18 48 55.84  0.44  43.3444  0.0103   19.9107  0.0201  11.4    8.5   2.0   20  209
2023 05 14 20 42 07.70  0.25  42.6352  0.0077   20.1251  0.0261  36.1    1.3   1.8   14  225
2023 05 14 22 57 59.91  0.79  43.1745  0.0241   19.6894  0.0301   0.4   11.1   2.0   18  181
2023 05 15 02 00 57.95  0.32  43.3095  0.0056   19.8567  0.0103  17.4    1.0   2.1   24  107
2023 05 15 06 20 52.57  0.49  40.8871  0.0144   19.7532  0.0201  16.6    1.3   2.9   32  221
2023 05 15 18 44 53.79  0.22  42.6277  0.0057   18.7142  0.0059   0.0   11.1   1.3   14   95
2023 05 17 17 38 39.72  0.27  41.2894  0.0055   20.1919  0.0110  18.5    0.6   2.7   35  127
2023 05 18 01 34 20.51  0.32  41.6984  0.0101   20.2057  0.0105  20.5    0.7   2.2   28  196
2023 05 18 05 42 35.06  0.49  38.0874  0.0042   22.7283  0.0045  17.0    0.5   3.9  163   29
2023 05 18 18 58 52.88  0.69  35.0699  0.0069   24.8097  0.0123  10.1    0.9   5.1  200   88
2023 05 18 21 17 06.66  0.66  40.2302  0.0068   19.4298  0.0070  16.2    1.2   2.9  142   65
2023 05 18 23 11 18.25  0.63  35.0822  0.0090   24.9005  0.0164  11.0    1.1   4.3  116  162
2023 05 18 23 20 59.51  0.87  34.9700  0.0167   24.8503  0.0277  40.4   11.1   4.1  100  169
2023 05 18 23 52 55.62  0.29  34.9267  0.0041   24.8117  0.0081  18.8    3.4   4.3  151  164
2023 05 19 00 10 59.56  0.41  35.0562  0.0055   24.8077  0.0103   9.7    0.8   4.2  104  163
2023 05 19 02 57 00.30  0.99 -23.8000  0.9999  170.3000  0.9999  33.0    9.9   0.0   34  360
2023 05 19 15 15 01.08  0.99  10.0000  0.9999   50.5000  0.9999  33.0    9.9   7.5   28  359
2023 05 19 15 22 48.35  0.37  44.6340  0.0082   18.5762  0.0118  22.8    1.7   3.7   52  101
2023 05 19 18 33 07.27  0.18  43.3299  0.0043   19.9417  0.0081   0.0   11.1   1.8   22  211
2023 05 20 01 50 54.02  0.99 -20.4000  0.9999  175.6000  0.9999  33.0    9.9   7.1   27  360
2023 05 20 02 09 58.67  0.99 -22.5000  0.9999  169.7000  0.9999  33.0    9.9   6.2   29  360
2023 05 20 07 34 11.03  0.11  43.5204  0.0026   18.9425  0.0055  12.5    0.7   2.0   23  199
2023 05 20 13 08 03.69  0.43  42.2574  0.0249   16.6877  0.0277  11.1    1.4   2.9   26  313
2023 05 20 14 24 10.26  0.27  43.2454  0.0000   18.6359  0.0000   0.6    0.0   1.5    5  328
2023 05 21 00 25 35.38  0.65  39.2279  0.0105   21.4552  0.0118  11.0    1.5   3.3   45  112
2023 05 21 01 44 38.87  1.24  36.5718  0.0592   21.7491  0.0658  11.0    4.4   3.8   38  286
2023 05 21 04 36 09.27  0.97  35.3198  0.4663   24.6539  0.5835  11.0   11.1   4.4   43  327
2023 05 21 19 05 53.56  0.71  40.2566  0.0108   19.5298  0.0193   7.3    1.8   3.0   50  106
2023 05 21 23 13 57.04  0.93  43.9551  0.0091   13.2805  0.0145  15.7    1.7   3.7  119   32
2023 05 22 01 18 22.91  0.56  39.6795  0.0044   20.3900  0.0089  18.9    0.7   3.4  144   67
2023 05 22 08 08 21.80  0.27  41.1574  0.0040   20.3211  0.0106   4.8    0.7   2.8   34  137
2023 05 22 17 15 31.48  0.23  41.3171  0.0082   20.2014  0.0086   6.2    0.6   2.4   32  286
2023 05 22 17 46 42.20  0.82  46.1230  0.0058   21.4825  0.0094  23.9    1.6   3.9  187   26
2023 05 22 18 27 23.69  0.46  41.1595  0.0047   20.2465  0.0115   9.8    0.9   2.6   54  109
2023 05 22 19 38 57.00  0.56  41.7412  0.0053   20.2957  0.0082   5.6    1.0   2.6   79   29
2023 05 22 19 53 27.11  0.37  41.7722  0.0047   20.2565  0.0076  12.2    0.9   2.3   50   60
2023 05 23 16 15 29.35  0.42  46.1011  0.0031   21.5304  0.0057  24.7    0.8   3.6  159   29
2023 05 23 17 17 48.76  0.44  38.3467  0.0042   21.9635  0.0047   8.6    0.7   3.1  110   33
2023 05 23 21 07 30.37  0.51  40.5523  0.0070   21.0685  0.0131   5.1    1.3   3.2   60  119
2023 05 24 04 52 45.02  0.18  42.8967  0.0031   20.4199  0.0072  11.0    1.0   1.7   30  153
2023 05 24 09 35 50.85  0.57  39.4850  0.0067   19.5989  0.0179   2.8    1.2   3.4   72  154
2023 05 25 03 05 54.43  0.99  11.7000  0.9999  -73.9000  0.9999  33.0    9.9   6.7   33  359
2023 05 25 18 43 30.69  0.31  42.9586  0.0087   18.4308  0.0184  11.0    2.1   1.6   16  222
2023 05 25 21 40 22.77  0.09  42.8724  0.0055   17.7914  0.0068  17.2    0.5   1.6   14  318
2023 05 25 23 07 12.52  0.49  36.5887  0.0193   21.8879  0.0203  20.1    1.4   3.9   34  286
2023 05 26 00 05 50.83  0.33  40.4381  0.0078   19.5548  0.0155  11.0    1.2   3.2   38  139
2023 05 26 10 03 06.59  0.99  33.2000  0.9999  141.7000  0.9999  33.0    9.9   0.0   17  359
2023 05 26 12 35 05.98  0.23  41.4606  0.0042   19.5745  0.0063  11.0    0.7   3.0   34  104
2023 05 26 14 37 50.23  0.16  41.5564  0.0042   19.6475  0.0049  12.8    0.6   2.1   30  239
2023 05 27 03 18 58.09  0.44  38.3285  0.0043   21.7590  0.0045   9.2    0.8   3.2  122   32
2023 05 27 15 49 30.07  0.49  38.3408  0.0041   21.7738  0.0046   9.9    0.7   3.8  163   31
2023 05 28 04 44 20.47  0.19  37.6902  0.0086   15.0814  0.0244   5.1    0.8   4.1   43  179
2023 05 28 08 48 35.29  0.16  43.1933  0.0034   19.2001  0.0038   0.0   11.1   1.2   16  133
2023 05 29 08 21 36.77  0.26  41.9072  0.0056   20.1222  0.0086  14.3    0.9   3.9   18  139
2023 05 29 15 50 26.06  0.26  41.9637  0.0085   20.1115  0.0121  23.3    0.6   2.0   30  275
2023 05 29 17 56 42.49  0.28  42.0256  0.0086   20.0819  0.0115  11.0    0.9   2.1   32  267
2023 05 30 18 50 12.33  0.12  41.9119  0.0038   20.0431  0.0046  11.0    0.6   2.0   30  273
2023 05 31 01 46 39.41  0.07  43.2803  0.0013   19.8861  0.0028   7.6    1.7   1.5   24  203
2023 05 31 01 54 56.99  0.28  39.9716  0.0084   20.0173  0.0103  11.0    1.2   2.7   38  122
2023 05 31 05 11 55.07  0.15  41.9294  0.0043   20.0779  0.0053  11.0    1.2   2.3   30  275
2023 05 31 06 59 37.33  0.09  42.3928  0.0017   19.3386  0.0028  24.8    0.5   1.7   22  115
2023 05 31 08 14 46.27  0.24  41.2709  0.0025   20.8832  0.0044   7.5    0.4   3.4   76   39
2023 05 31 08 44 08.11  0.26  41.2457  0.0085   20.7251  0.0121   0.0   11.1   2.4   20  326
2023 05 31 11 20 43.15  0.99  25.1000  0.9999   90.4000  0.9999  33.0    9.9   6.1   23  359
2023 05 31 20 31 25.36  0.05  43.0843  0.0026   18.3240  0.0047  19.3    0.6   1.4   12  258
2023 06 01 16 53 55.98  0.08  42.0908  0.0024   19.1813  0.0055  15.4    0.5   1.5   14  146
2023 06 01 17 43 09.24  0.12  42.1424  0.0026   19.0745  0.0046  21.0    0.7   2.6   28  161
2023 06 02 00 12 04.35  0.06  42.2256  0.0014   19.5402  0.0015  21.6    0.5   1.9   30   96
2023 06 02 10 35 02.02  0.25  41.9616  0.0058   20.0312  0.0088  19.6    0.5   3.1   34  235
2023 06 03 02 25 30.51  0.07  42.8450  0.0032   18.7597  0.0040  22.0    0.6   1.3   10  190
2023 06 04 06 58 09.04  0.02  42.1244  0.0006   19.3041  0.0022  15.5    0.3   1.5   10  203
2023 06 04 11 58 52.05  0.08  43.0244  0.0015   18.1616  0.0027   9.8    0.3   3.6   34  181
2023 06 04 12 42 45.14  0.16  43.3263  0.0031   17.3845  0.0031   8.4    0.4   3.3   38  103
2023 06 05 00 28 33.99  0.29  40.9261  0.0059   20.3818  0.0184   8.5    0.9   2.4   28  174
2023 06 05 12 42 14.34  0.41  41.9472  0.0130   20.2268  0.0174  11.0    1.3   2.1   28  287
2023 06 05 16 47 11.37  0.50  37.5513  0.0083   21.3573  0.0183  26.3    1.3   3.8   94  177
2023 06 06 02 10 47.98  0.09  42.3847  0.0019   18.7083  0.0025   8.0    0.9   1.4   20  155
2023 06 06 02 14 51.54  0.30  45.7509  0.0500   18.1840  0.0573  11.0    5.0   3.0   32  300
2023 06 06 04 49 18.92  0.10  43.6761  0.0028   20.4989  0.0049   3.3    0.5   2.2   26  270
2023 06 06 11 35 53.86  0.05  42.2633  0.0010   19.5308  0.0016  27.6    0.2   2.0   30   87
2023 06 06 17 26 55.18  0.13  45.9393  0.0196   21.0385  0.0224  15.5    2.2   4.6   32  282
2023 06 06 21 39 45.92  0.07  41.9620  0.0025   19.2489  0.0031  11.0    0.4   1.6   14  216
2023 06 06 21 40 21.74  0.39  41.9229  0.0217   19.1712  0.0241  12.2    2.8   1.7   12  254
2023 06 06 23 37 24.64  0.41  43.7706  0.0176   13.5716  0.0253  11.0    0.9   3.6   32  150
2023 06 06 23 38 22.53  0.99 -19.7000  0.9999  164.7000  0.9999  33.0    9.9   0.0   15  360
2023 06 07 02 35 41.13  0.17  42.0594  0.0112   19.9252  0.0123   8.0    2.0   1.7   12  217
2023 06 07 12 26 37.04  1.39  42.1049  0.0101   24.9232  0.0171   3.7    3.0   4.8  192   47
2023 06 07 20 02 48.18  0.10  42.1032  0.0022   19.1944  0.0033  15.1    0.6   2.3   30  139
2023 06 07 20 24 49.20  0.34  41.5077  0.0121   19.4176  0.0123  11.0    1.1   1.9   28  291
2023 06 08 04 22 57.23  0.32  43.1968  0.0065   18.5436  0.0123  15.1    0.9   2.0   32  207
2023 06 08 12 33 53.17  0.53  38.6215  0.0121   22.9317  0.0147   9.5    1.7   4.8   52  118
2023 06 08 23 26 12.38  0.47  42.7460  0.0093   18.7957  0.0161   6.8   10.1   1.3   14   93
2023 06 09 12 59 46.15  0.08  42.3650  0.0026   18.7046  0.0031  14.0    0.7   1.4   14  182
2023 06 09 13 32 44.74  0.06  42.5237  0.0012   19.8482  0.0022   6.1    0.9   1.5   16   85
2023 06 09 17 14 03.82  0.21  40.7944  0.0032   19.6846  0.0059  16.3    0.6   2.5   45  128
2023 06 09 22 34 57.06  0.32  42.9837  0.0031   13.1391  0.0052   8.0    0.6   3.3  100   19
2023 06 10 00 08 17.98  0.09  41.2033  0.0015   20.3423  0.0040   0.1   11.1   2.4   34  160
2023 06 10 00 21 22.93  0.40  38.5985  0.0037   22.8983  0.0049  13.7    0.6   3.3  127   28
2023 06 10 02 55 01.84  0.33  35.4168  0.4822   25.8105  0.5523   0.0   11.1   4.1   38  340
2023 06 10 10 04 51.42  0.51  38.6107  0.0045   22.9164  0.0064  11.0    0.8   4.0  144   47
2023 06 10 12 26 28.55  0.04  42.1022  0.0009   19.1676  0.0014  11.8    0.3   2.2   28  148
2023 06 11 01 12 53.94  0.18  40.5197  0.0026   19.6666  0.0029   0.6    0.5   2.5   43   87
2023 06 11 02 58 10.17  0.99  44.0000  0.9999  144.1000  0.9999  33.0    9.9   0.0   27  359
2023 06 11 03 54 06.37  0.10  41.8619  0.0023   19.3757  0.0031   8.9    0.5   2.1   32  247
2023 06 11 05 49 58.72  0.06  42.2310  0.0017   19.6014  0.0019  21.1    0.5   1.7   22   94
2023 06 11 09 15 42.53  0.26  39.7888  0.0223   16.4416  0.0324  27.0    3.4   3.3   42  172
2023 06 11 09 54 16.36  0.99  40.7000  0.9999  144.7000  0.9999  33.0    9.9   0.0   32  359
2023 06 11 14 12 52.63  0.20  37.8279  0.0040   22.0107  0.0041  17.5    0.5   3.8   24  109
2023 06 11 20 40 57.49  0.16  42.4024  0.0029   18.6960  0.0037   8.4    1.3   1.9   28  150
2023 06 11 22 29 24.08  0.61  38.6216  0.0108   22.8810  0.0194  11.0    2.0   3.8   49  114
2023 06 12 10 11 52.00  0.28  43.7896  0.0104   21.3554  0.0130  11.0    1.1   4.0   40  194
2023 06 12 23 18 18.95  0.16  43.0410  0.0052   18.2607  0.0087  19.4    0.9   1.6   22  263
2023 06 13 00 33 07.84  0.45  43.4807  0.0494   18.6908  0.0551   0.9   11.1   1.4   10  269
2023 06 13 00 46 35.12  0.11  42.0023  0.0035   19.1529  0.0051  17.6    0.5   1.5   22  193
2023 06 13 09 48 50.03  0.11  43.0424  0.0020   18.2322  0.0036  15.3    0.3   2.8   34  171
2023 06 13 10 25 04.28  0.09  42.7936  0.0020   19.1117  0.0040  18.3    0.7   1.5   18  163
2023 06 14 13 12 40.44  0.11  42.1036  0.0022   19.1866  0.0039  14.0    0.5   3.0   34  141
2023 06 14 14 41 28.17  0.23  42.8233  0.0067   17.9990  0.0158  19.8    2.4   2.0   18  285
2023 06 15 02 17 45.21  0.99 -16.7000  0.9999  130.6000  0.9999  33.0    9.9   0.0   23  360
2023 06 15 18 06 08.03  0.99 -22.3000  0.9999  179.8000  0.9999  33.0    9.9   0.0   28  360
2023 06 15 22 02 55.21  0.62  34.8359  0.0166   23.4535  0.0284  36.4    2.6   4.5  146  235
2023 06 18 09 09 00.06  0.16  42.3224  0.0027   19.2794  0.0041  18.6    1.2   2.1   26   63
2023 06 18 13 20 14.32  0.05  42.3083  0.0021   19.2613  0.0040  18.6    0.5   1.2    8  208
2023 06 18 20 49 35.32  0.47  39.8852  0.0074   19.7767  0.0185  11.0    0.9   3.3   36  165
2023 06 19 00 09 18.44  0.15  40.4112  0.0031   21.0819  0.0059   4.8    0.5   2.9   26  181
2023 06 19 14 45 39.84  0.49  40.4503  0.0072   21.0407  0.0133   0.4   11.1   3.1   42  144
2023 06 19 17 23 10.99  0.12  42.6373  0.0019   18.9537  0.0022  14.9    0.4   2.5   28   46
2023 06 19 22 45 02.18  1.75  45.5147  0.0175   26.1889  0.0199  36.3   28.7   3.9  155   28
2023 06 20 08 39 17.06  0.99   0.8000  0.9999   99.7000  0.9999  33.0    9.9   5.9   22  359
2023 06 20 22 36 16.33  0.72  36.7908  0.0130   21.6745  0.0163   8.4    1.4   3.2  128  179
2023 06 21 00 03 26.76  0.21  39.9728  0.0036   20.4984  0.0073  15.9    0.5   2.6   34   89
2023 06 21 00 42 36.14  1.01  40.4086  0.0105   21.0611  0.0192  11.0    2.1   2.8   53  144
2023 06 21 03 23 10.60  0.28  41.5537  0.0117   19.4458  0.0121  11.0    1.4   2.0   26  245
2023 06 21 13 52 30.63  0.10  42.1079  0.0026   19.1670  0.0039  10.5    1.0   2.5   28  146
2023 06 21 15 33 53.05  0.59  42.1535  0.0072   15.6333  0.0074  30.4    2.1   4.1  133   34
2023 06 21 20 57 55.19  0.19  42.2722  0.0027   19.4775  0.0044  17.7    0.9   2.5   32   81
2023 06 22 02 20 28.13  0.23  42.0940  0.0049   19.9702  0.0084   9.8    1.3   1.8   22  144
2023 06 22 02 42 27.89  1.28  44.0387  0.0301   33.3770  0.0343  40.7   11.1   3.5   65  114
2023 06 22 04 38 10.77  0.33  40.7070  0.0074   20.2962  0.0160  11.0    1.6   2.7   16  136
2023 06 22 09 00 42.83  0.68  40.1615  0.0102   19.7568  0.0229   4.2    2.1   3.1   37  152
2023 06 22 21 11 34.90  0.63  42.9895  0.0123   17.5170  0.0133   0.9   11.1   2.5   52  126
2023 06 23 10 56 22.37  1.02  39.0184  0.0090   20.5254  0.0140   4.2    1.7   4.1  141   48
2023 06 23 16 44 43.83  0.23  41.6561  0.0085   19.5549  0.0111  27.0    0.5   2.2   24  228
2023 06 23 20 46 41.58  0.10  42.0982  0.0031   19.1849  0.0051  16.1    0.8   1.7   18  143
2023 06 24 05 58 29.70  0.18  41.4521  0.0068   19.7586  0.0081  13.4    0.8   2.4   20  251
2023 06 24 09 34 28.80  0.22  42.1138  0.0054   19.1467  0.0101  15.8    1.2   2.0   18  151
2023 06 25 04 46 25.26  0.15  41.8260  0.0076   23.1741  0.0127  17.1    1.1   3.2   24  233
2023 06 25 22 23 25.51  0.24  43.3864  0.0045   17.3763  0.0057  12.8    0.6   3.8   41  156
2023 06 26 02 37 02.98  0.21  41.7841  0.0050   20.1577  0.0093   5.8    0.9   2.6   26  128
2023 06 26 09 15 21.09  0.31  40.2132  0.0032   20.5736  0.0074   4.7    0.8   3.9   63   93
2023 06 26 10 37 20.38  0.21  43.3158  0.0078   17.3844  0.0079   4.3    0.6   3.2   30  250
2023 06 26 17 41 57.27  0.31  43.7247  0.0038   20.6163  0.0054  13.4    0.5   2.9   65   36
2023 06 27 07 53 52.50  0.15  45.0183  0.0079   18.2235  0.0208   9.0    1.0   2.4   12  254
2023 06 27 18 24 15.29  0.26  43.1052  0.0113   18.1203  0.0172  18.7    1.3   2.0   14  307
2023 06 27 18 55 58.83  0.16  42.0396  0.0070   20.2620  0.0109  10.6    4.1   1.9   16  194
2023 06 27 23 36 44.81  0.99  33.3000  0.9999  139.3000  0.9999  33.0    9.9   0.0   13  359
2023 06 27 23 55 18.43  0.15  42.0953  0.0031   20.1009  0.0057  16.0    1.7   1.6   22  160
2023 06 28 02 50 18.74  0.11  41.6384  0.0062   19.6883  0.0091  10.9    4.3   1.9   10  230
2023 06 28 15 44 02.69  0.12  43.0930  0.0031   18.3974  0.0049  13.8    0.5   1.8   24  247
2023 06 29 15 58 37.30  0.11  43.3935  0.0053   16.9201  0.0104  15.8    0.4   2.5   22  239
2023 06 29 23 31 51.51  0.22  39.3981  0.0258   20.5795  0.0274  11.0    1.9   3.0   30  206
2023 06 30 03 54 18.73  0.18  42.6834  0.0032   18.1062  0.0046   7.7    0.7   3.8   44   78
2023 06 30 04 28 31.30  0.06  42.6655  0.0017   18.1293  0.0045   0.0   11.1   1.6   16  278
2023 07 01 00 13 11.37  0.09  42.8373  0.0026   17.9002  0.0059   4.7    5.7   2.0   22  292
2023 07 01 00 45 17.90  0.23  40.1010  0.0036   21.6623  0.0049   9.7    0.5   3.2   40  150
2023 07 01 07 02 22.32  0.13  42.7264  0.0053   18.9846  0.0137   6.2    1.2   1.5    8  195
2023 07 01 08 45 39.37  0.32  43.2944  0.0054   17.4805  0.0068  10.2    0.8   3.2   46   61
2023 07 01 17 32 47.53  0.20  43.3365  0.0121   17.4712  0.0168   7.0    1.1   2.3   12  318
2023 07 01 17 35 22.71  0.32  40.4153  0.0056   21.0736  0.0121   3.1    1.2   3.2   28  160
2023 07 01 23 24 58.85  0.13  41.3759  0.0015   20.2499  0.0037   9.4    0.3   3.1   36  127
2023 07 02 10 27 14.38  0.99 -18.6000  0.9999 -176.4000  0.9999  33.0    9.9   0.0   24  360
2023 07 03 02 55 45.12  0.18  44.0193  0.0034   19.3838  0.0036  11.5    0.4   2.2   54  169
2023 07 03 03 29 45.07  0.17  43.4533  0.0024   20.8579  0.0030  12.4    0.5   2.9   55  138
2023 07 03 09 47 17.42  0.43  42.2067  0.0111   19.4388  0.0131  17.7    2.8   1.4   17   95
2023 07 04 03 19 20.64  0.36  36.3091  0.0070   26.8797  0.0082 137.2    2.0   3.5   80   89
2023 07 04 04 40 41.51  0.35  42.1550  0.0065   18.8543  0.0079   4.9    1.5   1.8   40  191
2023 07 04 11 02 07.60  0.24  43.3573  0.0092   19.3704  0.0094   1.7    1.3   1.6   22  265
2023 07 04 14 08 21.68  0.19  42.1573  0.0038   19.5544  0.0042  21.6    1.3   1.7   26  169
2023 07 05 02 12 50.57  0.39  40.1056  0.0112   19.7447  0.0127  13.6    0.8   2.9   64  120
2023 07 05 04 07 10.15  0.47  37.7604  0.0067   14.8640  0.0120  28.5    0.9   3.9   95   39
2023 07 05 12 23 51.98  0.72  43.3577  0.0255   17.4024  0.0329   3.5    1.8   2.5   32  317
2023 07 05 13 07 49.32  1.16  38.9560  0.0873   21.1524  0.0996   9.1    7.1   4.0   26  294
2023 07 05 18 34 08.24  0.22  41.1341  0.0026   20.2275  0.0051   1.7    0.5   2.2   42  120
2023 07 05 23 03 15.99  0.63  38.9254  0.0112   23.9254  0.0434  11.0    2.5   3.1   41  227
2023 07 06 02 01 30.85  0.22  43.0946  0.0046   17.6988  0.0077  11.0    0.7   2.0   38  210
2023 07 06 05 14 34.61  0.09  42.5828  0.0029   19.0282  0.0064  16.7    0.9   1.2   12  106
2023 07 06 11 37 04.97  0.25  41.8756  0.0032   20.0680  0.0051   6.1    1.4   2.3   38  117
2023 07 06 15 21 52.37  0.27  41.8691  0.0023   19.3983  0.0056  11.8    0.5   2.9   57  130
2023 07 07 14 35 30.73  0.24  40.9533  0.0032   20.3538  0.0059   7.8    0.5   2.8   45   95
2023 07 07 00 59 46.93  0.45  40.9920  0.0069   20.4552  0.0116  12.3    1.3   2.8   43  114
2023 07 07 00 59 44.37  0.40  40.8671  8.0603   20.6532  8.3342  11.0   11.1   2.6    6  352
2023 07 08 04 18 43.44  0.24  42.8892  0.0027   18.2772  0.0058   7.6    0.6   2.7   51  171
2023 07 08 05 18 11.60  0.27  42.9008  0.0054   18.3011  0.0114  13.5    3.1   2.1   16  165
2023 07 08 08 12 57.56  0.40  42.3227  0.0175   18.6407  0.0234   0.0   11.1   1.2   10  203
2023 07 08 11 35 08.12  0.25  42.8860  0.0089   18.2887  0.0178  15.9    1.9   1.5   12  242
2023 07 08 14 02 49.06  0.39  38.3948  0.0135   21.7323  0.0169   7.7    1.4   4.6   38  214
2023 07 08 14 07 40.02  0.51  38.5599  0.0087   21.8254  0.0114   8.9    1.3   3.9   35   98
2023 07 08 14 38 40.67  0.73  38.5346  0.0108   21.8462  0.0161  12.7    1.6   3.9   47   76
2023 07 08 19 47 13.21  0.99  21.3000  0.9999  120.5000  0.9999  33.0    9.9   0.0   24  359
2023 07 08 23 19 11.16  0.39  42.3856  0.0067   19.3383  0.0080  20.4    1.7   1.5   28  106
2023 07 08 23 40 23.59  0.09  42.4041  0.0034   19.3188  0.0040  18.2    0.9   1.2   20   96
2023 07 09 00 23 06.41  0.16  42.3904  0.0022   19.3121  0.0030  21.8    0.6   1.9   40   49
2023 07 09 01 18 06.21  0.28  42.4311  0.0080   19.1955  0.0139  27.5    1.9   1.4   16  118
2023 07 09 02 07 38.26  0.35  43.1848  0.0088   18.1204  0.0160  17.7    1.3   1.6   29  188
2023 07 09 07 36 48.23  0.26  43.0491  0.0049   17.8750  0.0116   6.9    0.9   2.3   29  247
2023 07 09 08 49 38.78  0.34  43.9985  0.0144   20.5989  0.0306  17.3    1.3   2.7   30  316
2023 07 09 09 36 19.35  0.48  43.0814  0.0073   17.8839  0.0170  12.9    1.0   2.7   45  248
2023 07 09 15 22 41.02  0.31  42.5503  0.0052   19.2985  0.0083  15.1    2.3   1.2   18   84
2023 07 10 14 49 50.57  0.14  43.2283  0.0031   18.8315  0.0033   5.4    1.1   2.0   26  159
2023 07 11 08 39 41.37  0.05  42.8883  0.0030   18.2807  0.0032   7.7    1.4   0.0    6  154
2023 07 11 16 28 03.62  0.23  43.3104  0.0042   17.4617  0.0073  11.0    0.4   4.1   48  214
2023 07 11 17 25 35.72  0.12  43.8477  0.0020   20.9845  0.0032  11.7    0.3   3.3   43  184
2023 07 11 23 56 22.88  0.45  40.8089  0.0058   20.4956  0.0105   9.2    0.7   3.2   65   73
2023 07 12 00 30 49.40  0.35  42.9766  0.0076   20.6682  0.0095  11.0    0.9   2.3   40   95
2023 07 12 01 24 33.85  0.18  43.2844  0.0042   17.4469  0.0065   7.8    0.4   2.1   36  216
2023 07 12 02 43 13.32  0.11  42.8207  0.0037   18.2617  0.0050   5.3    2.3   1.2   12  151
2023 07 12 20 56 52.82  0.64  34.0965  0.0122   25.0371  0.0311  94.3    3.1   3.9  150  214
2023 07 13 09 53 29.89  0.64  39.0413  0.0126   21.2016  0.0164  11.0    1.3   3.4   64  115
2023 07 13 10 44 09.78  0.16  42.0619  0.0041   19.0833  0.0043  13.3    1.1   2.0   26  201
2023 07 13 23 16 25.90  0.27  40.4929  0.0058   20.9129  0.0105  10.1    0.7   2.8   38  223
2023 07 14 09 28 52.28  0.99  13.0000  0.9999  -93.4000  0.9999  33.0    9.9   5.9   37  359
2023 07 15 01 01 59.78  0.39  40.7389  0.0039   20.1734  0.0073   4.9    0.7   2.1   62   58
2023 07 15 01 50 24.29  0.30  40.6516  0.0039   21.2664  0.0085  11.7    0.6   2.5   66  168
2023 07 15 03 41 34.91  0.46  40.8104  0.0058   20.4194  0.0094  11.0    0.8   2.4   50   72
2023 07 15 03 47 22.18  0.28  42.0967  0.0044   19.9656  0.0044  13.2    1.5   1.7   44   80
2023 07 15 04 29 01.83  0.43  40.4454  0.0069   20.9463  0.0159   7.3    1.0   2.5   38  152
2023 07 15 16 50 00.30  0.25  43.4047  0.0035   17.0183  0.0079   0.0   11.1   3.0   54  233
2023 07 16 00 34 52.28  0.31  43.0752  0.0048   18.1561  0.0080   6.7    1.5   1.8   34  163
2023 07 16 01 52 56.52  0.12  43.0718  0.0024   18.1346  0.0048  17.4    0.7   1.5   24  173
2023 07 16 09 02 24.37  0.13  42.3446  0.0031   18.7129  0.0033   0.0   11.1   1.9   26  189
2023 07 16 11 38 21.48  0.18  43.0780  0.0046   18.1638  0.0094  11.0    1.6   1.5   22  159
2023 07 16 20 21 52.94  0.13  41.8364  0.0019   19.7013  0.0023  13.1    0.4   2.4   44  136
2023 07 16 20 30 08.89  0.22  41.8566  0.0043   19.7404  0.0057   0.0   11.1   2.0   30  144
2023 07 16 21 25 36.39  0.21  42.3267  0.0042   18.7319  0.0044   7.2    1.9   1.4   24  170
2023 07 16 22 18 31.68  0.17  41.8124  0.0031   20.1153  0.0058  12.3    0.5   2.0   26  110
2023 07 16 23 02 53.35  0.16  43.0675  0.0031   18.1480  0.0074  15.8    1.0   1.8   26  167
2023 07 17 05 58 27.36  0.33  41.6813  0.0038   19.5873  0.0074   9.3    0.7   2.5   44  106
2023 07 17 12 04 30.32  0.88  36.9955  0.0283   22.9245  0.0787  30.0    5.6   4.1   44  251
2023 07 17 12 10 39.44  0.23  43.0671  0.0049   18.1257  0.0098  20.0    1.3   1.9   24  178
2023 07 18 02 30 16.67  0.31  42.8932  0.0098   18.2912  0.0119  14.8    2.4   1.2   14  159
2023 07 18 05 18 07.80  0.57  43.9194  0.0244   19.2765  0.0265  13.5    1.8   2.3   22  286
2023 07 18 05 23 54.18  0.07  42.5228  0.0029   18.6244  0.0040  15.7    1.2   1.3   18  185
2023 07 18 07 17 54.36  0.38  44.0676  0.0113   18.0037  0.0144   9.5    0.8   2.5   32  284
2023 07 18 07 42 07.08  1.61  43.6909  0.0959   18.3938  0.1116   9.0   10.0   2.0   17  295
2023 07 18 12 33 01.77  0.25  43.0641  0.0051   18.0925  0.0146  24.1    1.4   1.8   20  194
2023 07 18 14 07 45.67  0.16  41.1671  0.0019   19.9877  0.0055  11.0    0.4   2.6   36  111
2023 07 18 14 31 48.38  0.19  43.2980  0.0038   19.8625  0.0085  12.1    4.0   1.9   24  205
2023 07 18 16 11 24.41  0.13  42.5409  0.0033   18.4418  0.0044   6.4    1.1   1.7   23   91
2023 07 18 20 30 52.52  0.17  45.1588  0.0354   23.3138  0.0811  14.2    6.1   4.1   22  310
2023 07 18 20 50 14.03  0.20  41.4276  0.0022   19.8048  0.0044  13.9    0.4   2.8   42   84
2023 07 18 22 10 39.24  0.62  40.9870  0.0121   20.7413  0.0355   0.0   11.1   2.5   28  207
2023 07 19 01 43 35.64  0.16  41.8536  0.0038   19.4977  0.0049  11.0    2.2   2.0   28  111
2023 07 19 11 44 44.96  0.51  40.9660  0.0076   20.7100  0.0200   8.0    1.3   2.7   30  182
2023 07 20 10 34 57.12  0.39  43.0364  0.0253   18.2145  0.0253  15.7    3.8   1.2   11  137
2023 07 20 11 30 47.96  0.20  42.9069  0.0043   18.2966  0.0076  13.6    1.3   1.7   20  108
2023 07 20 12 06 24.50  0.34  42.9288  0.0093   17.4656  0.0187   8.7    1.2   2.3   27  290
2023 07 20 18 05 40.02  0.37  40.6034  0.0038   19.9478  0.0066   9.5    0.6   2.6   68   76
2023 07 20 19 24 44.01  0.23  43.0577  0.0038   18.2019  0.0049   8.9    0.5   3.0   62  134
2023 07 21 02 21 45.33  0.25  41.6386  0.0023   20.6917  0.0054   0.3    0.5   2.1   60  155
2023 07 21 03 27 32.50  0.96  35.5790  0.0792   22.7734  0.3382  11.0   11.1   3.7   56  313
2023 07 21 11 43 32.69  0.03  43.0363  0.0044   18.1603  0.0056  23.4    0.7   1.4    6  320
2023 07 22 00 18 29.80  0.15  42.4433  0.0041   19.0291  0.0064  19.9    1.1   1.6   12  105
2023 07 23 05 52 03.92  0.57  37.9993  0.0200   20.3419  0.0214  22.7    2.0   3.9   42  220
2023 07 23 14 34 18.17  0.33  41.4402  0.0034   19.8397  0.0066  23.1    0.4   2.5   53   78
2023 07 23 19 46 03.63  0.31  40.3282  0.0085   21.1289  0.0117   1.5    0.7   3.2   55  256
2023 07 24 00 15 43.13  0.43  39.4400  0.0077   19.6670  0.0170  13.4    0.9   3.2   53  205
2023 07 24 00 33 30.49  0.17  42.9470  0.0040   17.5546  0.0067   2.2    0.6   2.3   38  225
2023 07 24 05 53 52.27  0.21  43.2879  0.0039   17.7231  0.0064   8.9    0.4   2.8   46  196
2023 07 24 11 58 44.25  0.42  44.0603  0.0434   16.6361  0.0510  18.6    2.5   2.8   24  337
2023 07 24 17 38 32.79  0.11  42.4161  0.0022   19.2231  0.0035  19.6    0.6   1.4   22   77
2023 07 24 17 43 17.87  0.20  42.6596  0.0025   18.6831  0.0034  11.0    0.6   2.3   52   91
2023 07 24 18 15 10.31  0.11  42.6835  0.0023   18.6940  0.0029   9.4    1.3   1.3   18   95
2023 07 24 18 17 40.39  0.17  42.6759  0.0036   18.6732  0.0044  14.1    1.6   1.6   22   90
2023 07 24 22 22 18.88  0.22  43.3009  0.0033   19.8871  0.0035   3.3    2.0   1.9   48  155
2023 07 24 23 34 03.06  0.18  41.9017  0.0024   20.1158  0.0032  11.0    0.6   2.0   44   81
2023 07 25 01 47 47.09  0.27  43.3221  0.0047   19.8858  0.0078   0.0   11.1   1.6   30  190
2023 07 25 03 39 23.07  0.55  40.8184  0.0069   19.8861  0.0112  11.0    1.0   2.4   56  120
2023 07 25 13 22 17.63  0.21  43.0462  0.0064   18.1940  0.0169  15.5    2.1   2.1   10  143
2023 07 26 06 47 41.58  0.30  40.0443  0.0111   19.9211  0.0137  14.7    0.8   2.9   20  241
2023 07 26 08 20 09.70  0.56  40.7721  0.0044   15.3554  0.0083  17.4    0.6   3.4  134   55
2023 07 26 19 27 26.09  0.29  41.8361  0.0026   19.3928  0.0074   9.1    1.6   2.1   48  133
2023 07 26 23 39 48.66  0.25  43.3015  0.0032   19.8773  0.0040   0.0   11.1   2.1   46  107
2023 07 27 03 55 14.43  0.24  41.2900  0.0038   19.5836  0.0064   9.6    0.6   2.3   38  127
2023 07 27 06 56 33.96  0.45  40.6491  0.0054   20.6105  0.0130   0.6    0.9   3.0   48  140
2023 07 27 12 18 10.26  0.76  36.2395  0.0294   21.3599  0.0307  20.7    2.5   4.1   53  264
2023 07 27 20 07 35.71  0.51  39.0048  0.0685   16.0215  0.1161  14.6   10.0   3.7   46  260
2023 07 28 04 35 09.08  0.45  43.0925  0.0130   17.3572  0.0222  11.0    1.6   3.0   36  294
2023 07 28 19 08 19.05  0.29  43.0248  0.0086   18.1672  0.0148  27.6    0.8   1.7   20  154
2023 07 28 19 23 31.96  0.99   8.1000  0.9999   91.7000  0.9999  33.0    9.9   6.5   34  359
2023 07 28 20 15 41.93  0.28  42.9800  0.0049   18.0795  0.0102  14.8    0.8   2.2   32  206
2023 07 28 20 34 38.68  0.22  42.9688  0.0040   18.0390  0.0088  17.0    0.5   2.1   34  215
2023 07 29 02 07 08.44  0.18  43.1712  0.0035   18.6997  0.0045  11.0    1.9   1.5   26  152
2023 07 29 03 53 28.34  0.26  42.8871  0.0052   18.5215  0.0082  18.2    1.2   1.7   26   79
2023 08 02 03 22 07.91  0.33  38.0307  0.0447   20.9539  0.0559  12.0    5.9   3.5   44  294
2023 08 01 15 06 50.94  0.99  38.9000  0.9999   33.6000  0.9999  33.0    9.9   0.0   22  355
2023 08 01 21 50 54.94  0.09  40.6986  0.0016   19.5779  0.0040  13.0    0.3   2.4   36  140
2023 08 02 20 44 26.44  0.33  41.4174  0.0027   20.4825  0.0051   3.9    0.5   3.4   79   87
2023 08 03 05 14 36.76  0.37  40.8201  0.0042   20.7231  0.0057   7.9    0.7   3.1   74   41
2023 08 03 14 32 47.40  0.06  42.5098  0.0053   19.4276  0.0076  15.3    1.5   1.5    7  236
2023 08 04 02 13 37.82  0.53  41.6105  0.0728   14.8491  0.0759  12.0    8.0   3.2   26  216
2023 08 04 03 33 52.96  0.38  42.6260  0.0088   18.9769  0.0131  22.8    2.4   1.2   20   74
2023 08 04 08 45 10.07  0.44  42.6981  0.0223   18.7051  0.0336  15.5    5.5   1.1   12  195
2023 08 04 14 11 08.42  0.11  42.9774  0.0064   17.9152  0.0072   0.0   11.1   2.4   16  319
2023 08 04 13 44 23.78  0.62  42.9384  0.0149   17.6156  0.0209  12.0    1.7   2.9   30  224
2023 08 04 20 19 51.23  3.91  40.2377  0.0237   20.2373  0.0290  12.0    3.9   3.5  199   36
2023 08 06 11 44 57.45  0.13  42.4092  0.0024   18.6542  0.0029   4.9    1.7   1.8   28  153
2023 08 07 06 10 45.39  0.11  42.8608  0.0029   18.5885  0.0034  18.0    0.6   1.8   26   76
2023 08 07 01 02 11.08  0.14  41.8676  0.0028   20.5570  0.0039  10.4    0.3   2.1   36  206
2023 08 09 04 21 30.80  0.26  41.1803  0.0045   19.8771  0.0070  21.7    0.6   2.4   42   87
2023 08 09 20 53 47.93  0.17  41.8379  0.0026   20.0938  0.0037  12.0    1.8   1.9   28  102
2023 08 10 03 30 35.25  0.39  39.5131  0.0044   23.6991  0.0065  20.8    0.6   3.7   90   34
2023 08 10 12 20 01.13  0.08  43.0688  0.0023   18.1352  0.0035  18.2    0.4   2.0   22  255
2023 08 10 17 48 05.02  0.99  38.7000  0.9999   38.0000  0.9999  33.0    9.9   0.0   15  356
2023 08 11 08 09 29.05  0.29  42.4835  0.0213   18.5100  0.0291  12.0    3.4   1.5   10  165
2023 08 11 16 54 29.07  0.62  43.5033  0.0040   20.8495  0.0054  12.0    0.7   3.5  200   17
2023 08 12 01 18 44.55  0.15  43.1239  0.0020   18.8496  0.0020  15.2    0.3   2.2   62   74
2023 08 11 18 18 09.03  0.18  43.5047  0.0049   20.8429  0.0055  15.7    0.6   2.2   30  149
2023 08 11 19 18 09.06  0.17  42.1050  0.0047   19.1552  0.0062  16.7    1.0   1.6   24  150
2023 08 12 01 33 55.20  0.19  43.0900  0.0043   18.9141  0.0048  18.0    1.3   1.4   22  102
2023 08 12 03 01 58.46  0.25  43.9332  0.0070   20.9491  0.0132  12.0    1.1   2.2   20  212
2023 08 12 04 04 28.36  0.25  43.3606  0.0044   20.5771  0.0049  12.0    0.6   2.4   58  131
2023 08 11 13 20 56.85  0.77  39.5346  0.0059   23.6192  0.0090  17.8    1.1   3.5  155   18
2023 08 12 20 04 51.44  0.33  41.1721  0.0031   19.6958  0.0054  13.8    0.5   3.0  109   71
2023 08 12 20 35 07.23  0.11  41.1441  0.0015   19.7210  0.0028  14.4    0.2   2.4   56  153
2023 08 12 21 43 54.04  0.19  41.1971  0.0019   19.7352  0.0045  11.0    0.5   2.2   58  145
2023 08 12 23 32 42.63  0.14  43.4436  0.0013   19.2656  0.0040  14.1    0.7   1.7   40  136
2023 08 13 07 49 29.52  0.41  35.2724  0.1205   23.8404  0.1575   5.5   11.1   4.7   82  318
2023 08 13 05 30 56.82  0.54  39.1756  0.0775   22.0135  0.0950  21.6    9.8   3.6   54  290
2023 08 13 09 13 48.19  0.63  36.0518  0.0299   21.6161  0.0421  78.7    7.4   3.8   45  218
2023 08 15 15 29 32.63  0.09  43.2198  0.0018   18.8677  0.0022  11.4    0.5   1.9   38  192
2023 08 15 19 00 50.62  0.05  43.0778  0.0009   18.5108  0.0010  13.3    0.2   1.7   38  184
2023 08 15 19 16 53.63  0.08  43.0840  0.0014   18.5077  0.0018  12.0    0.6   1.6   32  187
2023 08 16 08 20 45.52  0.07  42.8719  0.0021   19.7276  0.0031   8.6    0.8   1.4   20  152
2023 08 16 10 29 39.06  0.05  43.1791  0.0020   18.8786  0.0020   9.0    0.5   1.4   16  153
2023 08 16 18 00 07.22  0.48  43.4380  0.0229   18.7122  0.0266   4.3   11.1   1.9   18  270
2023 08 17 01 32 15.68  0.31  43.1244  0.0126   18.4040  0.0158  22.6    1.1   1.8   22  278
2023 08 17 04 14 32.25  0.02  42.3960  0.0016   19.3662  0.0040  22.2    0.3   1.4    6  279
2023 08 17 07 07 05.81  0.09  42.4135  0.0067   19.3932  0.0073  21.8    1.0   1.4    8  190
2023 08 17 10 20 56.44  0.46  42.7036  0.0527   19.0950  0.0737  15.5   12.6   1.3   10  221
2023 08 17 05 03 25.84  0.12  42.5118  0.0047   19.4724  0.0067  26.1    1.0   1.4   12  163
2023 08 18 01 08 55.03  0.34  43.2100  0.0058   18.8604  0.0059   1.5    1.6   1.9   41  149
2023 08 18 07 37 31.14  0.13  42.3846  0.0051   19.3653  0.0053  16.9    1.5   1.4   14  145
2023 08 18 12 59 10.79  0.18  42.7082  0.0019   20.2951  0.0021   8.7    0.5   2.7   58   78
2023 08 18 20 47 11.63  0.25  44.0061  0.0059   20.1517  0.0109  12.0    0.9   2.4   30  180
2023 08 20 01 22 01.16  0.13  42.8535  0.0056   18.6401  0.0069  15.7    1.2   1.0   12  168
2023 08 20 01 52 34.14  0.76  48.2015  0.8787   22.1901  0.9077  12.0   11.1   4.3   26  320
2023 08 20 07 15 10.22  0.18  43.2778  0.0086   20.1712  0.0094   0.0   11.1   2.0   24  266
2023 08 20 19 56 55.01  0.39  41.0863  0.0040   19.9965  0.0067  12.7    0.6   2.7   69   67
2023 08 21 03 45 53.44  0.05  42.6305  0.0010   18.6665  0.0010  12.0    0.4   1.5   24   76
2023 08 21 15 45 57.74  0.52  36.8298  0.0053   28.1578  0.0060  62.2    1.9   4.2  225   48
2023 08 21 22 33 29.24  0.11  41.1608  0.0015   20.1191  0.0035   1.4    0.4   2.4   32  133
2023 08 23 10 50 50.46  0.54  40.9737  0.0282   19.7641  0.0327   0.0   11.1   2.7   18  303
2023 08 24 01 28 21.39  1.30  37.9612  0.0121   16.4422  0.0181  12.0    2.9   3.6  151  113
2023 08 25 00 04 56.41  0.24  41.1807  0.0026   19.7901  0.0048  12.9    0.4   3.0   68  124
2023 08 25 01 38 16.21  0.15  42.9052  0.0031   20.5382  0.0037  14.0    0.7   1.6   22  126
2023 08 25 09 39 08.79  0.07  42.4802  0.0013   18.8655  0.0022  10.5    0.4   1.2   18  111
2023 08 26 09 23 59.38  0.23  42.3922  0.0051   19.3575  0.0076  23.7    1.3   1.5   18  152
2023 08 27 14 32 58.67  0.20  41.9386  0.0103   19.2612  0.0113  12.0    2.3   1.6   20  205
2023 08 28 02 10 01.49  0.15  42.4080  0.0019   19.3741  0.0023  18.2    0.7   1.4   42   62
2023 08 28 09 02 07.69  0.24  41.5273  0.0022   19.9566  0.0048  18.1    0.3   2.5   62   79
2023 08 28 11 12 27.33  0.17  38.3896  0.0390   21.9057  0.0488   8.7    4.9   3.7   46  291
2023 08 29 02 56 40.06  0.23  41.5321  0.0036   19.9295  0.0056  10.7    0.6   2.8   34  129
2023 08 30 15 03 39.42  0.24  36.7643  0.0373   20.6021  0.0652  16.7    6.5   3.9   44  306
2023 08 30 21 27 11.86  0.20  42.4200  0.0025   19.3807  0.0030  18.0    0.6   1.7   44   62
2023 08 30 21 54 08.38  0.12  42.4306  0.0020   19.3869  0.0020  23.4    0.2   1.7   38   79
2023 08 31 02 39 01.72  0.14  42.6867  0.0027   18.5578  0.0042  20.9    0.9   1.6   22   60
2023 08 31 03 30 11.65  0.09  38.9927  0.0212   17.8462  0.0285  25.5    3.1   3.0   24  302
2023 08 31 19 32 35.79  0.16  43.2968  0.0048   17.4628  0.0076  12.1    0.5   2.4   26  214
2023 08 31 18 54 20.36  0.47  42.6409  0.0179   19.8075  0.0273  14.5    7.2   1.5   16  113
2023 08 17 15 29 41.32  0.27  41.4291  0.0031   20.4275  0.0065   9.7    0.5   3.2   45  135
2023 08 20 21 39 28.81  0.29  45.0043  0.0425   23.1540  0.0730   8.0    6.2   4.2   55  299
2023 08 25 18 57 03.44  0.32  42.4400  0.9359   19.4379  1.1408  18.8   11.1   1.9    6  326
2023 09 01 02 22 54.86  0.15  42.2184  0.0042   18.7726  0.0059  15.1    0.9   1.6   24  192
2023 09 01 06 05 26.57  0.07  42.4037  0.0034   19.3717  0.0043  23.9    0.7   1.5   12  147
2023 09 01 06 13 00.00  0.14  42.3739  0.0048   19.3463  0.0057  34.0    0.9   1.8   24  149
2023 09 01 06 28 59.76  0.71  44.2830  0.0074   18.0000  0.0118   3.1    1.5   3.3   97   50
2023 09 01 10 14 07.05  0.37  40.6143  0.0071   19.3193  0.0169   0.4   11.1   2.7   20  120
2023 09 01 21 29 58.89  0.19  43.8725  0.0057   21.3369  0.0102  10.0    0.6   2.5   42  222
2023 09 02 06 17 52.09  0.25  40.1886  0.0056   20.7002  0.0100   7.5    0.7   4.1   59  125
2023 09 02 18 33 31.85  0.20  42.0469  0.0023   20.3998  0.0046  11.4    0.5   2.7   46  138
2023 09 02 22 23 26.31  0.21  42.5454  0.0038   18.6439  0.0044   0.0   11.1   1.1   20   86
2023 09 03 06 13 49.93  0.10  42.0344  0.0025   20.5094  0.0072  17.2    0.4   2.1   14  205
2023 09 03 22 34 33.70  0.36  44.0292  0.0050   20.6946  0.0071  13.7    0.7   2.4   42   36
2023 09 04 16 13 21.35  0.78  39.6468  0.0082   20.3206  0.0162  14.5    1.3   3.3   85   69
2023 09 04 19 51 44.26  0.26  41.8985  0.0069   19.3822  0.0088  10.0    1.3   2.6   30  261
2023 09 06 15 05 46.23  0.11  42.4183  0.0020   19.3908  0.0031  23.0    0.4   1.7   28  182
2023 09 06 16 26 25.14  0.14  40.1647  0.0031   19.6724  0.0062  19.1    0.3   2.4   42  128
2023 09 07 13 43 58.55  0.16  42.5431  0.0025   18.6820  0.0032   6.5    2.2   1.2   22   89
2023 09 07 21 35 27.11  0.04  43.0595  0.0017   18.1194  0.0021  20.7    0.4   1.9   20  266
2023 09 08 07 40 06.83  0.07  42.8433  0.0011   18.9755  0.0017  10.0    0.5   1.7   28   72
2023 09 08 12 07 43.06  0.19  44.4468  0.0056   18.9236  0.0067   7.9    0.5   2.5   36  189
2023 09 08 14 36 22.41  0.14  43.8900  0.0021   13.3589  0.0033  10.0    0.4   4.0   66  156
2023 09 08 20 07 15.04  0.21  43.4431  0.0058   18.5710  0.0060   0.0   11.1   1.9   30  247
2023 09 09 04 33 54.13  0.16  42.4589  0.0036   19.0495  0.0099  19.2    1.3   1.1   12  114
2023 09 09 05 25 05.51  0.34  42.0454  0.0067   23.1423  0.0249   7.9    1.6   3.3   69  262
2023 09 09 13 50 26.89  0.13  42.1229  0.0053   19.2010  0.0060  19.5    0.8   1.7   22  295
2023 09 10 03 07 48.34  0.37  41.1688  0.0036   20.3187  0.0078   5.2    0.6   2.6   68  111
2023 09 10 03 54 08.11  0.38  41.1719  0.0046   20.3738  0.0086   6.6    0.7   2.4   52  117
2023 09 10 07 20 49.84  0.29  41.1560  0.0026   20.2900  0.0051   4.5    0.5   2.9   75  107
2023 09 10 10 07 07.85  0.15  44.4768  0.0093   21.5796  0.0141  14.8    0.7   3.3   28  298
2023 09 10 20 38 23.65  0.28  42.4142  0.0137   19.4226  0.0148  21.0    2.1   1.4   12  181
2023 09 11 10 41 27.01  0.10  42.8287  0.0026   18.7452  0.0039  19.3    0.6   1.5   16  128
2023 09 12 14 15 46.07  0.08  42.8394  0.0022   19.6597  0.0031   0.0   11.1   1.1   12  164
2023 09 12 14 21 01.49  0.06  42.7337  0.0014   18.4844  0.0032  23.2    0.4   1.2   16  107
2023 09 12 14 26 53.32  0.07  43.4461  0.0034   17.5027  0.0054   4.6    0.3   2.0   26  318
2023 09 12 17 23 47.77  0.33  41.1489  0.0031   20.3143  0.0069   5.7    0.6   2.9   68  108
2023 09 13 00 51 19.40  0.58  35.7501  0.1508   22.4762  0.2151   8.2   11.1   4.0   66  317
2023 09 13 02 32 17.49  0.13  42.1070  0.0031   19.1777  0.0031  19.0    0.6   1.5   34  143
2023 09 13 04 52 40.22  0.06  41.8064  0.0013   20.1755  0.0014   6.5    0.4   1.8   22   95
2023 09 13 06 06 40.23  0.24  42.1030  0.0048   19.1657  0.0055  19.3    1.0   2.1   34  147
2023 09 13 08 38 19.73  0.49  43.7706  0.0083   13.3032  0.0144  32.2    1.5   4.1   62  151
2023 09 13 20 32 12.24  0.11  42.5103  0.0024   18.6985  0.0049  17.7    0.9   2.0   16  119
2023 09 14 22 49 35.86  0.32  37.5186  0.0165   21.7295  0.0399  31.7    3.2   3.3   48  252
2023 09 15 22 57 25.31  0.41  37.8745  0.0127   22.9480  0.0130  14.5    1.6   4.5   42  149
2023 09 16 06 45 32.69  0.24  41.6659  0.0064   20.1651  0.0068  20.1    0.7   2.0   24  158
2023 09 16 20 03 18.15  0.05  42.3174  0.0030   18.8191  0.0031   5.9    0.5   1.0   10  183
2023 09 16 22 13 28.30  0.16  42.2740  0.0027   19.1293  0.0040  13.3    0.8   1.4   28  115
2023 09 17 01 59 20.88  0.13  42.3250  0.0018   18.7218  0.0021   5.5    1.2   2.1   48  172
2023 09 17 06 58 11.89  0.32  40.4610  0.0045   20.9789  0.0098  10.0    0.6   2.9   50  163
2023 09 17 14 07 00.55  0.20  42.3875  0.0037   19.3911  0.0046  20.3    1.0   1.5   34  126
2023 09 18 02 38 04.95  0.37  43.9850  0.0154   11.5274  0.0210  21.3    2.2   3.4   63  158
2023 09 18 03 10 14.34  2.70  44.0711  0.0282   11.5944  0.0286  20.4    2.9   5.0  180   23
2023 09 18 03 29 07.93  9.47  38.9804  0.0784   21.2120  0.0997  10.0   13.1   3.3  152   22
2023 09 18 05 17 35.21  9.81  38.9306  0.0778   21.1633  0.1061  27.2   10.1   3.7  194   22
2023 09 18 08 31 28.99  0.31  42.8711  0.0041   18.2819  0.0064  11.5    0.7   2.7   46  127
2023 09 18 19 51 25.06  0.11  41.2652  0.0015   20.2196  0.0040   0.1   11.1   2.3   40  146
2023 09 18 22 55 04.05  0.06  42.8488  0.0022   18.2782  0.0038  17.2    0.8   1.0   12  137
2023 09 18 23 43 24.47  0.48  39.3304  0.0045   16.1216  0.0106  46.0    1.7   3.0  123   78
2023 09 19 06 53 59.88  0.10  42.1015  0.0033   19.2010  0.0058  21.8    0.4   1.7   18  160
2023 09 19 20 45 06.42  1.51  38.0665  0.0148   15.8001  0.0290  10.0    3.3   3.4  140  105
2023 09 20 01 33 15.41  0.85  32.8676  0.7117   23.9326  1.0629   6.7   11.1   4.6   59  330
2023 09 20 05 06 36.20  0.24  43.0700  0.0023   19.8952  0.0038  10.0    0.7   1.9   50   91
2023 09 20 09 48 28.75  0.10  42.8970  0.0026   18.4841  0.0037  17.2    0.4   1.7   32  200
2023 09 21 07 00 49.49  1.03  38.1516  0.0231   20.6537  0.0399   5.6    4.2   3.9   54  112
2023 09 22 08 58 57.32  2.10  39.2075  0.0151   22.4891  0.0216   1.7    3.2   3.9  150   15
2023 09 23 15 47 23.36  0.20  41.2177  0.0135   19.8876  0.0173  16.6    0.7   2.8   18  309
2023 09 23 17 01 35.31  0.14  42.9409  0.0028   17.6293  0.0046   6.2    0.3   4.3   46  221
2023 09 23 17 54 07.96  0.30  42.9672  0.0062   17.6479  0.0085   4.1    0.7   2.8   48  218
2023 09 24 19 43 39.38  0.07  42.9226  0.0016   17.6079  0.0022   0.7    0.2   2.3   48  223
2023 09 25 00 11 49.41  0.11  42.6662  0.0023   19.0732  0.0046  10.0    1.2   1.2   14   95
2023 09 25 01 09 10.89  0.77  38.2135  0.0071   22.7248  0.0078  15.4    0.9   3.5  155   20
2023 09 25 01 48 11.47  0.83  38.2386  0.0076   22.7056  0.0081  11.2    1.1   3.8  178   18
2023 09 25 06 03 39.44  0.13  43.3089  0.0022   17.9699  0.0078  10.0    0.8   2.0   28  262
2023 09 25 07 33 46.68  0.16  43.2676  0.0027   17.9223  0.0039  10.7    0.3   2.9   58  135
2023 09 25 22 48 28.17  0.21  43.0318  0.0031   18.2654  0.0068  10.0    1.2   3.4   50  162
2023 09 26 03 48 28.90  0.05  43.7151  0.0009   18.5967  0.0013   9.5    0.2   2.1   30  133
2023 09 26 18 41 58.75  0.19  41.8215  0.0040   20.0573  0.0049  13.8    0.5   2.2   32  168
2023 09 27 06 41 20.67  0.15  42.9183  0.0048   18.6719  0.0049  27.9    0.8   1.9   24  193
2023 09 27 08 27 59.04  0.65  41.7637  0.0135   19.9603  0.0203   0.0   11.1   2.0   18  123
2023 09 27 15 56 58.78  0.10  42.3155  0.0015   18.8434  0.0026   8.3    0.7   1.7   44  158
2023 09 27 19 03 26.93  0.18  42.4033  0.0031   19.3940  0.0042  20.3    0.8   1.2   28  100
2023 09 28 09 57 41.76  0.16  42.7516  0.0040   18.9971  0.0043  22.0    0.8   1.6   22  140
2023 09 28 20 48 04.09  0.09  42.4347  0.0019   19.0090  0.0026  16.3    0.6   1.8   26   61
2023 09 28 21 44 32.29  0.24  42.3106  0.0237   19.9453  0.0338  29.4    8.5   1.7   10  262
2023 09 30 02 18 57.14  0.06  41.9150  0.0013   19.3713  0.0020  11.7    0.4   1.6   28  160
2023 09 30 13 11 19.83  0.04  42.3192  0.0023   20.0718  0.0033  10.0    1.3   1.5   12  234
2023 09 30 13 41 55.48  0.11  43.0527  0.0041   18.0895  0.0055  21.0    0.5   1.6   20  309
2023 09 30 14 12 20.91  0.06  42.4039  0.0030   19.9965  0.0031  20.5    0.6   1.6   16  210
2023 10 01 01 24 11.85  0.24  41.3869  0.0030   20.9511  0.0067   0.2   11.1   2.3   54  181
2023 10 01 05 03 17.73  0.05  41.2455  0.0007   20.6523  0.0027   0.9    0.3   2.0   20  182
2023 10 01 11 08 09.69  0.05  42.7256  0.0007   18.5266  0.0011  18.7    0.2   1.9   42   58
2023 10 02 08 29 44.68  0.44  43.3375  0.0075   17.3208  0.0126   0.0   11.1   4.5   60  219
2023 10 02 14 00 13.66  0.21  43.2620  0.0061   18.7803  0.0077   0.1   11.1   1.8   22  252
2023 10 03 07 39 04.39  0.12  42.9266  0.0014   20.1866  0.0018  10.0    1.3   2.2   43  113
2023 10 07 22 30 09.39  0.29  41.6049  0.0091   20.3344  0.0109  10.8    0.8   2.3   26  238
2023 10 07 23 04 16.06  0.04  41.5935  0.0017   20.3437  0.0017   0.0   11.1   2.3   16  246
2023 10 08 05 13 54.33  0.18  41.8509  0.0036   20.1301  0.0048  16.0    0.4   2.3   34  155
2023 10 08 20 12 26.33  0.27  42.6509  0.0046   18.8843  0.0075  19.1    1.1   1.9   30   80
2023 10 09 15 28 23.24  0.43  41.1592  0.0122   19.2958  0.0603  21.5    1.2   2.2   18  174
2023 10 09 18 23 14.54  2.75  48.7506  1.0292   21.8278  1.0849  32.2   11.1   5.4   22  302
2023 10 09 18 43 42.84  0.09  42.3577  0.0049   18.7046  0.0055  10.6    1.6   1.5    8  185
2023 10 10 02 03 55.17  0.15  42.3241  0.0039   18.7074  0.0055   9.8    1.4   1.6   16  176
2023 10 10 20 08 15.91  0.28  42.8198  0.0044   18.7245  0.0064  20.1    1.3   1.8   30   97
2023 10 10 22 38 27.59  4.86  42.9184  0.0408   14.0727  0.0683  12.0    8.3   3.2  180   33
2023 10 10 22 51 59.00  0.15  43.0724  0.0054   17.8956  0.0082  15.3    0.6   2.0   24  199
2023 10 11 01 36 05.12  0.52  41.1798  0.0107   20.3044  0.0192   9.4    1.5   2.7   36  167
2023 10 11 08 00 28.34  0.72  42.4991  0.0437   19.6956  0.0862   0.0   11.1   1.7    8  252
2023 10 11 08 04 06.15  0.29  42.3476  0.0166   19.4270  0.0309  28.8    3.4   1.5   10  221
2023 10 11 09 32 10.42  0.14  43.0265  0.0080   18.1126  0.0132  15.2    2.4   2.0   14  318
2023 10 11 18 45 37.34  5.59  39.0691  0.0411   21.4432  0.0487  12.0    7.0   3.8  229   16
2023 10 12 11 51 50.77  0.27  41.1511  0.0033   20.2714  0.0059   4.3    0.5   2.8   54  105
2023 10 12 20 10 41.44  0.34  41.2294  0.0039   20.4860  0.0083   4.1    0.7   2.9   53  136
2023 10 13 03 33 14.31  0.95  37.8474  0.0085   24.1189  0.0103  17.6    1.2   3.9  196   19
2023 10 13 16 32 27.19  0.31  42.1178  0.0035   19.9156  0.0050  12.0    0.9   2.6   58   77
2023 10 13 17 58 42.66  0.18  41.8706  0.0022   20.1014  0.0040   9.2    0.6   2.6   38  147
2023 10 13 20 13 26.75  0.27  42.5387  0.0035   19.2681  0.0037  18.3    1.4   1.9   36   77
2023 10 14 10 46 56.08  0.40  43.4450  0.0076   18.9020  0.0101  16.6    1.9   1.8   33  174
2023 10 15 07 52 10.43  0.30  43.3998  0.0084   17.4596  0.0177   9.3    0.9   3.1   55  152
2023 10 17 03 09 23.43  0.27  42.2864  0.0048   19.4732  0.0075  27.6    1.2   1.6   30  149
2023 10 17 14 51 09.92  2.81  37.5623  0.0116   23.2563  0.0141  12.0    2.0   4.6  253   23
2023 10 18 08 24 50.05  0.39  41.9331  0.0041   20.9984  0.0094   9.5    0.6   3.3   67  170
2023 10 18 15 26 51.83  0.45  41.9321  0.0458   20.1724  0.1087  12.0   11.1   1.3   12  277
2023 10 18 19 28 16.54  0.08  42.8246  0.0035   18.2550  0.0052  12.0    1.3   1.3   13  166
2023 10 18 22 37 03.20  0.44  41.9086  0.0058   19.5359  0.0082  15.3    1.2   2.2   50   93
2023 10 19 00 30 43.07  0.27  42.3211  0.0033   19.5232  0.0053  24.0    0.9   1.5   37   72
2023 10 19 07 01 27.74  0.28  37.9959  0.0093   19.8898  0.0103   6.1    1.2   3.6   42  186
2023 10 19 09 16 01.01  0.21  42.3480  0.0147   18.7853  0.0166  19.4    4.4   1.9    8  157
2023 10 20 02 32 52.63  0.19  41.8874  0.0080   19.4215  0.0082  16.4    1.6   2.2   20  271
2023 10 20 16 49 47.56  0.07  42.6665  0.0013   18.6642  0.0019  18.9    0.5   2.3   20  129
2023 10 22 07 53 44.88  0.06  39.9285  0.0072   19.1799  0.0842  15.8    7.9   3.6   26  235
2023 10 22 08 13 38.95  0.67  38.9903  0.0197   22.4882  0.0375  21.2    3.4   4.2   30  152
2023 10 23 18 59 09.28  0.28  43.4985  0.0085   20.9710  0.0108   0.2   11.1   2.4   30  240
2023 10 23 20 15 39.67  0.36  43.1059  0.0047   20.3329  0.0054  12.0    1.7   1.8   44  104
2023 10 24 00 51 41.69  0.24  43.0270  0.0044   18.7781  0.0054  19.5    1.3   1.8   33  154
2023 10 25 00 36 12.26  1.11  35.3300  0.0207   22.0005  0.0250 110.6    6.7   4.6  136  164
2023 10 25 01 26 36.17  0.31  42.4859  0.0064   19.2598  0.0074  25.4    1.7   1.8   20  104
2023 10 25 13 45 36.00  0.34  44.9998  0.0036   11.4676  0.0075  18.9    0.7   4.3   78   39
2023 10 25 20 48 48.40  0.11  42.7565  0.0022   18.6357  0.0045  21.1    0.9   1.7   18   75
2023 10 25 20 50 05.98  0.19  42.7805  0.0029   18.6841  0.0031  18.7    0.8   1.6   32   83
2023 10 26 21 47 34.41  0.35  40.4333  0.0034   19.6398  0.0049   8.6    0.5   3.4  100   78
2023 10 28 15 29 24.02  0.23  44.7300  0.0225   11.6666  0.0284   2.1    2.8   4.2   72  212
2023 10 28 19 25 49.57  0.36  40.9657  0.0042   20.3236  0.0072   1.5    0.6   2.6   68   83
2023 10 29 02 16 44.28  0.26  41.1217  0.0049   20.2409  0.0093   0.2   11.1   1.6   40   99
2023 10 29 03 45 15.44  0.14  43.0429  0.0057   21.8606  0.0162  12.0    1.3   1.9   10  236
2023 10 29 10 59 31.37  0.82  38.1860  0.0066   22.7209  0.0075  12.0    0.9   3.7  189   21
2023 10 30 22 55 08.45  0.33  43.7292  0.0033   19.3925  0.0055  12.0    0.5   2.2   70   86
2023 10 03 15 21 51.32  0.60  36.5901  0.0190   21.5429  0.0195  32.7    1.9   3.9   79  212
2023 10 03 17 48 29.29  0.19  41.8054  0.0049   19.5867  0.0052   4.2    7.7   1.5   24  202
2023 11 03 06 26 37.70  0.44  38.7167  0.0040   23.5896  0.0070  12.8    0.6   4.9  128   34
2023 11 05 16 40 00.29  0.13  41.1217  0.0013   19.9900  0.0030  10.0    0.4   3.1   60   71
2023 11 07 00 26 33.56  0.21  42.0494  0.0026   20.4393  0.0065  12.0    2.8   2.1   34  161
2023 11 07 03 10 25.61  0.08  42.2489  0.0031   19.4735  0.0117  24.4    1.2   1.5   10  253
2023 11 07 03 23 07.46  0.23  41.1217  0.0034   20.0695  0.0053  15.8    0.4   2.6   46   91
2023 11 07 18 30 05.76  0.35  39.5451  0.0045   20.4842  0.0062  17.3    0.7   4.2   83  123
2023 11 08 00 23 38.31  0.69  40.3765  0.0091   21.5818  0.0167   0.8    1.5   3.1   56  129
2023 11 08 17 16 24.89  0.47  41.2888  0.0148   22.1787  0.0236  12.0    1.4   3.4   56  266
2023 11 10 17 42 16.08  0.23  40.9820  0.0066   20.5920  0.0088   6.2    0.5   2.5   42  142
2023 11 10 17 48 21.76  0.14  44.9776  0.0240   22.9547  0.0349  10.7    3.2   3.9   58  294
2023 11 10 21 13 20.82  0.29  41.1357  0.0038   20.2738  0.0062  10.9    0.5   2.9   58  103
2023 11 10 21 22 25.90  0.10  41.1384  0.0011   20.2563  0.0022   8.8    0.2   2.8   66  102
2023 11 11 12 00 54.94  0.12  42.3958  0.0022   19.7989  0.0023  12.3    0.9   2.0   32  148
2023 11 11 16 00 55.16  0.22  40.6701  0.0035   21.7333  0.0037  18.2    0.5   2.9   67   30
2023 11 11 16 27 32.61  0.21  40.6566  0.0033   21.7244  0.0035  19.8    0.4   2.8   77   30
2023 11 11 20 38 32.52  0.07  42.1305  0.0023   19.0972  0.0046  21.6    0.5   1.5   18  159
2023 11 12 00 36 27.02  0.07  42.5735  0.0013   18.6235  0.0020   6.1    0.9   1.4   20   98
2023 11 12 02 02 02.84  0.08  42.4030  0.0013   19.3824  0.0016  27.9    0.2   1.5   38   93
2023 11 12 02 07 49.86  0.15  42.3683  0.0021   19.4110  0.0025  22.1    0.5   1.5   44   99
2023 11 12 06 05 42.57  0.04  42.4254  0.0012   19.4360  0.0023  22.6    0.4   1.6   16  211
2023 11 12 02 10 52.41  0.08  42.4035  0.0016   19.4055  0.0019  19.6    0.5   1.5   26  123
2023 11 12 16 45 32.98  0.48  40.1129  0.0039   24.0042  0.0059  16.3    0.7   3.3  138   34
2023 11 13 14 50 29.71  0.11  43.1794  0.0021   18.9005  0.0029  10.4    0.5   2.1   30  122
2023 11 13 18 28 49.59  0.07  41.7895  0.0011   20.1938  0.0013   9.9    0.3   2.3   36   98
2023 11 14 00 34 03.74  0.06  42.9541  0.0010   18.4295  0.0013  20.5    0.3   1.9   28  150
2023 11 14 16 17 48.24  0.23  43.0820  0.0086   13.6013  0.0317  15.6    2.2   4.0   52  226
2023 11 14 18 31 50.76  0.24  42.9464  0.0040   19.9860  0.0044  12.0    0.8   2.3   46   86
2023 11 14 21 24 28.35  0.17  42.4817  0.0024   19.3875  0.0034  19.1    0.8   2.1   34   78
2023 11 16 00 53 04.57  0.13  42.5481  0.0019   20.1445  0.0022  12.0    0.7   1.7   34   77
2023 11 16 01 23 30.08  0.09  42.5548  0.0013   20.1467  0.0014  12.7    0.4   1.8   42   79
2023 11 16 01 26 41.39  0.14  42.5355  0.0026   20.1260  0.0029   9.1    0.8   1.4   30   89
2023 11 16 01 54 21.79  0.13  42.5313  0.0023   20.1255  0.0028  10.2    0.7   1.4   30   89
2023 11 17 10 09 28.40  0.74  41.2062  0.0077   20.2909  0.0139  12.0    1.5   2.5   50   79
2023 11 17 15 46 46.89  0.24  41.1733  0.0027   20.2823  0.0058   6.7    0.5   2.9   38  108
2023 11 17 15 49 00.31  0.28  41.2695  0.0039   19.7437  0.0083  16.3    0.5   2.6   45  114
2023 11 17 18 40 27.37  0.15  41.1442  0.0022   20.2711  0.0056  18.5    0.4   2.8   40  147
2023 11 18 09 29 18.05  0.07  42.9253  0.0028   18.3133  0.0038  17.5    0.5   2.1   14  185
2023 11 18 09 21 24.73  0.17  42.8767  0.0016   18.7647  0.0022   9.4    0.4   3.6   58   51
2023 11 17 19 01 35.30  0.22  41.1575  0.0025   20.2756  0.0040   7.9    0.4   3.1   60  106
2023 11 19 02 34 13.80  0.06  42.8875  0.0013   18.7494  0.0016   6.9    0.7   2.0   18  105
2023 11 18 23 14 25.70  0.32  42.8152  0.0078   18.9063  0.0157  12.0    1.0   1.8   12  265
2023 11 18 16 20 40.16  0.03  42.8754  0.0011   18.7526  0.0013   6.2    0.6   1.7   16  207
2023 11 20 06 47 05.80  1.73  40.8434  0.0931   16.3583  0.0968  12.0   20.3   5.5   40  100
2023 11 20 07 16 35.77  0.16  43.0099  0.0076   17.9926  0.0156  19.5    0.8   2.1   16  312
2023 11 20 07 19 09.58  0.32  41.2880  0.0035   19.6158  0.0074  12.0    0.8   2.6   47  136
2023 11 20 08 16 40.95  0.14  42.8798  0.0022   18.7513  0.0025  12.8    0.3   2.8   50  127
2023 11 20 21 12 49.53  0.12  42.8744  0.0026   20.0677  0.0042   8.1    1.4   1.4   24  173
2023 11 20 21 36 36.07  0.16  41.9083  0.0042   20.3953  0.0053  17.1    0.6   1.3   28  246
2023 11 21 01 25 04.46  0.17  43.1339  0.0048   18.0226  0.0059   9.3    1.1   1.9   35  181
2023 11 21 06 56 18.91  0.16  41.8975  0.0026   19.6269  0.0036  15.4    0.5   2.0   48  210
2023 11 21 10 12 36.56  0.72  37.6184  0.0121   20.6654  0.0134  19.5    0.8   4.0  147  121
2023 11 21 14 01 58.54  0.29  41.9028  0.0031   19.6159  0.0039  16.6    0.4   3.6   77   63
2023 11 21 23 07 46.55  0.35  42.9183  0.0070   18.7408  0.0088  26.0    1.7   1.7   24  111
2023 11 22 15 50 22.19  0.08  42.4374  0.0013   19.2154  0.0013  23.2    0.3   1.8   44   56
2023 11 22 16 52 43.77  0.20  42.5237  0.0078   13.4346  0.0083  16.5    0.9   3.7   56  162
2023 11 23 00 05 48.18  0.10  42.1322  0.0023   20.5404  0.0033  11.2    0.5   1.6   22  176
2023 11 23 07 28 31.88  0.11  41.7383  0.0015   20.2988  0.0022   1.2    0.4   2.3   42  140
2023 11 23 10 01 08.10  0.02  42.8606  0.0011   18.7165  0.0012  11.0    0.3   1.1   12  133
2023 11 23 21 44 04.30  0.20  41.8905  0.0022   19.9126  0.0035  12.0    1.1   2.1   46  112
2023 11 24 17 31 03.16  0.17  43.1287  0.0053   18.0261  0.0080  14.1    0.6   2.1   26  291
2023 11 25 17 57 33.39  0.06  42.3463  0.0011   19.0011  0.0013   6.8    0.4   2.6   44   86
2023 11 25 12 04 30.21  0.43  42.1760  0.0099   19.3090  0.0207  27.9    2.9   2.1   22  180
2023 11 25 12 04 30.82  0.18  42.1023  0.0067   19.2263  0.0094  30.0    1.0   2.3   18  188
2023 11 25 17 57 33.26  0.12  42.3445  0.0022   19.0035  0.0027   7.4    0.7   2.6   40   87
2023 11 25 17 57 33.26  0.12  42.3445  0.0022   19.0035  0.0027   7.4    0.7   2.6   40   87
2023 11 26 13 28 14.19  0.22  42.9020  0.0041   19.2267  0.0075  11.9    3.7   2.1   19   79
2023 11 27 04 36 18.70  0.20  38.9299  0.0471   22.6939  0.0707   6.8    6.5   3.4   42  299
2023 11 03 12 21 19.09  0.32  41.8577  0.0064   19.3784  0.0067  17.2    0.8   2.4   44  210
2023 11 28 18 33 07.49  0.16  42.5367  0.0031   18.8474  0.0040  12.0    1.9   1.6   18   80
2023 11 29 15 21 59.67  0.12  42.6496  0.0022   18.1957  0.0057   6.4    1.3   1.7   28  271
2023 11 29 15 45 42.54  0.25  42.2432  0.0051   19.6481  0.0054  12.0    1.7   1.3   24  123
2023 11 30 02 58 01.73  0.14  43.0933  0.0027   18.7441  0.0030   0.0   11.1   1.5   30  189
2023 11 30 04 04 09.18  0.73  38.6850  0.0109   20.4551  0.0172  12.0    1.4   3.5   94   77
2023 11 30 11 06 34.58  0.32  43.3260  0.0074   17.0840  0.0100   0.1   11.1   3.1   54  302
2023 11 30 12 39 19.50  0.55  37.8854  0.0116   20.3148  0.0140  12.0    1.7   4.5   97  128
2023 11 30 15 56 19.68  0.20  43.1064  0.0037   18.7398  0.0049   9.7    1.3   2.0   30  163
2023 11 30 17 03 35.07  0.15  40.9669  0.0084   19.7764  0.0088  16.9    0.9   3.4   14  165
2023 11 30 21 47 09.74  0.33  41.1658  0.0038   19.6807  0.0068  11.2    0.7   2.9   42  123
2023 11 05 13 50 46.56  0.56  41.0855  0.0066   19.9460  0.0119  19.7    0.9   3.8   71   54
2023 11 15 09 10 57.36  1.14  38.0828  0.0265   22.0957  0.0303  15.0    3.3   3.8   74   94
2023 12 03 07 32 28.99  0.37  40.2787  0.0043   20.1702  0.0084  16.5    0.5   3.0   77   67
2023 12 03 08 38 00.26  0.58  37.6648  0.0208   22.0050  0.0434  25.4    4.2   4.2   86  177
2023 12 03 08 47 56.81  0.23  44.2671  0.0041   21.4390  0.0069  14.3    0.6   3.5   69   64
2023 12 03 13 05 35.04  0.12  42.7159  0.0013   18.9942  0.0018   6.4    0.5   1.9   44   46
2023 12 04 05 36 56.28  0.13  43.0918  0.0033   18.7638  0.0041   6.6    2.0   1.7   20  182
2023 12 05 18 22 23.83  0.45  40.3252  0.0148   20.1580  0.0158  17.1    0.9   3.3   44  273
2023 12 06 01 34 19.52  0.07  42.6370  0.0025   19.0660  0.0041  17.8    0.9   1.4   10   97
2023 12 07 03 45 54.74  0.14  44.0704  0.0050   21.2486  0.0054  10.9    0.4   3.7   60  260
2023 12 08 03 40 44.26  0.20  43.2194  0.0028   19.0722  0.0040   8.9    1.1   1.4   34  119
2023 12 11 03 58 30.78  0.13  42.3778  0.0055   19.1436  0.0064  16.1    1.3   1.4   12  103
2023 12 10 19 23 54.29  0.31  40.6232  0.0100   19.8940  0.0124  16.1    0.7   2.6   37  249
2023 12 11 14 52 04.29  0.09  42.9641  0.0013   18.7401  0.0017   8.1    0.7   1.6   26  121
2023 12 11 15 58 06.36  0.13  42.9704  0.0033   18.7841  0.0039   5.7    2.7   1.2   14  132
2023 12 12 01 14 15.56  0.15  43.8151  0.0048   17.1007  0.0141   5.8    0.4   2.6   28  221
2023 12 12 08 25 18.35  0.37  38.8536  0.0047   22.0314  0.0064  18.6    0.7   3.6   42   87
2023 12 12 10 39 11.55  0.07  42.9553  0.0013   18.7482  0.0017  13.5    0.5   2.2   24  135
2023 12 12 12 19 48.16  0.24  42.0270  0.0051   19.8276  0.0061  40.1    1.5   2.0   36  135
2023 12 12 13 29 15.74  0.03  42.8647  0.0010   18.4351  0.0011   9.9    0.2   1.1   14  137
2023 12 12 16 54 25.62  0.35  41.2338  0.0045   20.3638  0.0079  12.9    0.6   2.9   62  121
2023 12 13 10 34 59.33  0.06  42.6401  0.0033   18.5261  0.0041   7.5    2.2   1.2   11  227
2023 12 14 11 28 30.46  0.28  43.3533  0.0051   17.8826  0.0105   2.3    1.1   1.8   40  184
2023 12 14 20 22 06.05  0.10  42.7661  0.0038   18.0893  0.0111   8.5    2.5   1.6   12  291
2023 12 14 22 52 59.05  0.24  42.3277  0.0027   19.5945  0.0034  12.0    2.2   1.7   36   43
2023 12 16 18 00 08.62  0.18  42.9561  0.0028   20.3622  0.0038  11.1    0.7   2.6   42   93
2023 12 16 20 16 49.18  0.19  42.9237  0.0028   13.1522  0.0067  14.8    0.5   3.4   54   97
2023 12 17 12 13 26.10  0.25  43.5331  0.0067   17.0813  0.0122   6.6    0.6   2.9   50  303
2023 12 17 15 47 57.55  0.06  42.1536  0.0014   19.4492  0.0019  20.7    0.4   1.8   26   80
2023 12 18 05 07 34.53  0.08  43.1191  0.0018   18.8490  0.0022  13.4    0.5   1.4   18  136
2023 12 18 08 32 50.08  0.03  42.5458  0.0010   19.2044  0.0026   8.8    0.7   1.2   12  202
2023 12 18 20 18 47.67  0.22  41.9943  0.0118   19.2734  0.0248  14.7    1.9   1.9   12  217
2023 12 18 16 09 13.06  0.11  42.6829  0.0018   18.7627  0.0031  12.0    0.8   1.7   18  103
2023 12 19 04 13 16.07  0.15  41.0548  0.0024   20.2258  0.0060  12.0    0.5   2.8   28  139
2023 12 19 08 54 36.99  0.29  41.9863  0.0083   21.4141  0.0139   8.8    0.9   3.1   24  260
2023 12 19 12 47 08.03  0.13  42.8795  0.0039   18.5653  0.0061  22.2    0.7   1.6   16  132
2023 12 19 19 46 04.56  0.26  43.0803  0.0040   18.2395  0.0057  14.0    0.4   2.2   54  127
2023 12 20 00 47 17.11  0.22  41.3615  0.0030   20.4707  0.0066  10.0    0.4   2.3   50  138
2023 12 20 04 04 45.87  0.22  41.6325  0.0062   19.6077  0.0067  18.9    0.4   2.0   39  219
2023 12 20 12 07 02.03  0.10  43.1536  0.0017   19.2245  0.0022  12.9    0.7   1.5   26   94
2023 12 20 23 10 49.95  0.32  41.8879  0.0028   19.7749  0.0048  15.1    0.5   2.7   68   81
2023 12 21 02 41 50.83  0.39  40.8162  0.0085   19.8141  0.0105   4.0    0.8   2.2   53  211
2023 12 21 06 17 34.50  0.15  42.8333  0.0022   18.6425  0.0036  15.6    0.7   1.7   38   90
2023 12 21 18 02 35.05  0.14  42.4489  0.0053   19.3462  0.0202  18.1    3.2   1.9   14  232
2023 12 21 20 48 26.37  0.09  42.4026  0.0019   19.2961  0.0029  21.0    0.6   1.5   22  117
2023 12 21 23 03 05.53  0.29  43.0386  0.0100   18.0848  0.0102  15.7    1.0   2.0   30  177
2023 12 21 23 23 12.50  0.21  41.3845  0.0091   20.5181  0.0105   3.6    0.8   2.7   20  271
2023 12 22 05 30 56.38  0.62  42.4103  0.0149   19.2457  0.0276  24.7    3.8   1.3   14  168
2023 12 22 05 32 19.47  0.12  42.4084  0.0030   19.2985  0.0070  20.6    0.8   1.5   16  166
2023 12 22 07 18 51.29  0.12  42.6234  0.0055   18.6603  0.0074   0.2   11.1   1.4   10  202
2023 12 22 09 22 13.98  0.29  43.3387  0.0099   19.0022  0.0116  12.0    1.8   2.6   34  135
2023 12 22 16 20 42.60  0.08  41.8527  0.0007   19.4542  0.0013   6.8    0.5   2.0   54  120
2023 12 22 19 23 15.31  0.07  43.1841  0.0013   18.8624  0.0016   2.6    0.5   1.7   30  171
2023 12 22 20 06 13.78  0.10  42.3864  0.0024   19.2562  0.0029  35.8    0.5   1.6   22   69
2023 12 22 21 02 14.07  0.03  42.4313  0.0007   19.2878  0.0009  24.7    0.2   1.4   28   67
2023 12 22 21 53 27.65  0.06  42.0127  0.0005   20.2120  0.0010  15.1    0.1   2.1   56   86
2023 12 24 01 58 54.82  0.14  41.9774  0.0023   20.5874  0.0047  10.8    0.5   1.8   26  166
2023 12 24 14 17 50.55  0.16  42.4469  0.0028   19.3380  0.0031  19.6    0.7   1.6   28   61
2023 12 25 00 42 30.94  0.16  41.9348  0.0013   20.2667  0.0031  10.0    0.4   3.3   62  109
2023 12 25 00 52 17.75  0.16  42.6137  0.0022   19.8457  0.0029   5.9    1.1   1.6   34   78
2023 12 25 02 30 28.08  0.33  42.1267  0.0040   21.2581  0.0083   0.1   11.1   2.6   56  208
2023 12 25 03 36 24.84  0.21  42.1496  0.0022   21.2167  0.0049   6.8    0.5   2.8   60  192
2023 12 25 05 25 13.26  0.22  43.7699  0.0089   21.4408  0.0213  15.2    1.8   2.9   42  212
2023 12 25 10 09 34.48  0.06  42.5175  0.0020   19.1662  0.0040   9.8    0.9   1.4   12  176
2023 12 26 21 22 29.58  0.67  38.2968  0.0126   22.1651  0.0175  21.5    1.8   3.7   87  100
2023 12 27 04 14 30.78  0.20  42.6892  0.0040   18.8083  0.0050  14.8    1.3   1.1   22   97
2023 12 27 05 32 44.47  0.34  43.5486  0.0060   16.1659  0.0086  12.0    1.0   3.0   46  152
2023 12 27 06 01 03.57  0.77  41.5706  0.0073   20.1350  0.0137   6.5    2.5   1.8   47  104
2023 12 27 18 56 08.11  0.39  43.5042  0.0061   16.2475  0.0092   9.1    1.4   4.0   53  116
2023 12 28 10 38 59.29  0.99  32.1000  0.9999   35.2000  0.9999  33.0    9.9   0.0   13  357
2023 12 29 06 59 38.53  0.13  44.4308  0.0058   17.6010  0.0060  10.8    0.5   2.8   36  157
2023 12 29 10 34 03.26  0.07  43.1531  0.0015   19.1531  0.0021  10.9    0.5   1.6   20  119
2023 12 29 10 50 39.31  0.16  43.1466  0.0026   19.1631  0.0035   9.7    0.8   1.9   34  116
2023 12 29 18 10 32.29  0.06  42.8332  0.0026   17.8602  0.0050  13.4    1.4   2.0   20  302
2023 12 29 19 21 27.17  0.06  42.8407  0.0016   18.6864  0.0018  20.0    0.3   1.4   18  107
2023 12 30 01 09 43.12  0.18  43.1466  0.0032   19.1538  0.0049  10.5    0.9   1.4   22  112
2023 12 30 01 25 51.72  0.11  43.1552  0.0035   19.1494  0.0043  12.0    0.8   1.2   16  151
2023 12 30 20 43 24.67  0.27  44.3091  0.0090   17.9179  0.0110  12.0    0.9   4.7   74  154
2023 12 30 20 53 50.05  0.27  44.2118  0.0072   17.7910  0.0109   1.2    1.1   2.4   30  157
2023 12 30 23 10 00.64  0.20  44.2810  0.0082   17.8887  0.0084  10.1    0.8   2.4   24  158
2023 12 31 06 02 22.68  0.26  42.9696  0.0095   17.6032  0.0136  10.1    2.1   1.9   24  308
2023 12 31 12 28 02.08  0.09  42.8419  0.0020   18.6183  0.0034  20.4    0.5   1.6   22   78
2023 12 31 18 21 18.22  0.19  41.5394  0.0038   19.7261  0.0073  20.4    1.1   1.4   18   78
2023 12 31 22 52 48.78  0.32  43.2703  0.0178   17.7579  0.0207  12.2    1.0   2.1   30  322